Id,Word,Ew,Latin,Expl
1,ἀβαρβάριστος,ον,,"間違い（<span class=""gr"" lang=""el"">βαρβαρισμός</span>）のない．<span class=""gr"" lang=""el"">ὅθεν τοὺς πειρωμένους τὴν γραμματικὴν μεταδιώκειν ἀναγκαῖόν ἐστιν ἀσολοίκιστον καὶ ἀβαρβάριστον τὴν προφορὰν τῶν λόγων ποιεῖσθαι, είδότας τὴν ἐν αὐτῇ γινομένην ἁμαρτίαν.</span> <span class=""author"">Lex.</span> <span class=""title"">Vind.</span> 294."
2,ἄγμα,ατος τό,,"鼻音の<span class=""gr"" lang=""el"">γ</span>. ut Ion scribit, quinta uicesima est litera, quam uocant agma, cuius forma nulla est et uox communis est Graecis et Latinis, ut his uerbis: aggulus, aggens, agguilla, iggerunt. <span class=""author"">Prisc. (Varro)</span> 2.30.16."
3,ἀγράμματος,ον,,"<span class=""subd"">1</span> 読み書きのできない，無学な．<span class=""subd"">2</span>（文字に）書くことのできない，明瞭に発音できない．"
4,ἀγωγή,ῆς ἡ,,
5,ἄδεια,ας ἡ,licentia,"<span class=""gr"" lang=""el"">ἄδεια (ποιητική)</span> 詩的許容（詩文の中で尋常の語法から外れること）．<span class=""author"">Apoll. Dysc.</span> <span class=""title"">Pron.</span> 38.3."
6,ἀδιάβατος,ον,,"自動詞の．この単語は古典の文献には見えないが，<span class=""title"">Donati Graeci</span>（14世紀ごろにギリシア語訳されたラテン語文法）の中にinransitivusの訳語として確認できる．<span class=""author"">Ciccolella, F.</span>(2008), <span class=""title"">Donati Graeci: Learning Greek in the Renaissance,</span> Brill."
7,ἀδιαβίβαστος,ον,intransitivus,"自動詞の．<span class=""author"">Apoll. Dysc.</span> <span class=""title"">Synt.</span> 286.6."
8,ἀδιαίρετος,ον,,"分かたれない，一体となった，<span class=""gr"" lang=""el"">διαίρεσις</span>のない．"
9,ἀδιάπταιστος,ον,,"間違いのない，正しい（=<span class=""gr"" lang=""el"">ἀδιάπτωτος</span>）<span class=""gr"" lang=""el"">ἀνάγνωσίς ἐστι ποιημάτων ἢ συγγραμμάτων ἀδιάπτωτος προφορά] ... τὸ δὲ ἀδιάπτωτος ἐστὶν ἀδιάπταιστος</span> <span class=""author"">Sch. Dion. Thr.</span> 171.18-19."
10,ἀδιάπτωτος,ον,,"<span class=""subd"">1</span> 間違いのない，正しい．<span class=""subd"">2</span> 正しく格を用いる．<span class=""subd"">3</span> 格変化のない，不変化の．<span class =""gr"" lang=""el"">ὄφελον κανών ἐστιν ὁ λέγων, ὅτι τὸ ὄφελον ἀδιάπτωτόν ἐστι ἀπαρεμφάτῳ συντασσόμενον, καὶ οὐκ ἄλλῃ τινὶ ἐγκλίσει.</span> <span class=""author"">Lex.</span> <span class=""title"">EM.</span> 643.48."
11,ἀδιάστατος,ον,,"（二重母音の<span class=""gr"" lang=""el"">ι</span>について）分離できない． <span class=""author"">Apoll. Dysc.</span> <span class=""title"">Pron.</span> 86.21."
12,ἀδιάστολος,ον,,
13,ἀδιάστροφος,ον,,正確な．
14,ἀδιαφορέω,,,
15,ἀδιαφορία ας,ἡ,,
16,ἀδιάφορος,ον,,
17,ἀδιαχώριστος,ον,,
18,ἀδίπλασιαστος,ον,,
19,ἀδίπλαστος,ον,,
20,ἀδίπλωτος,ον,,
21,ἀδόκιμος,ον,,
22,ἀήθης,ες,,
23,ἄθροισις,εως ἡ,,
24,ἀθροιστικός,ή όν,,
25,αἰολίζω,,,アイオリス方言を用いる．
26,αἰτέω,,,必要とする，要求する．
27,αἰτιατικός,ή όν,accusativus (causativus),"対格の．<span class=""gr"" lang=""el"">αἰτιατική (πτῶσις)</span> 対格．"
28,αἰτιολογικός,ή όν,,（接続詞，節について）原因・理由を表す．
29,αἰτιώδης,ες,,（接続詞，節について）原因・理由を表す．
30,ἀκαταλληλία,ας ἡ,,（文法的な）不一致．
31,ἀκατάλληλος,ον,,
32,ἀκαταλληλότης,ητος ἡ,,
33,ἀκατάστατος,ον,,
34,ἀκατάχρηστος,ον,,
35,ἀκινητίζω,,,
36,ἀκίνητος,ον,,
37,ἀκλισλία,ας ἡ,,
38,ἄκλιτος,ον,,
39,ἀκοινώνητος,ον,,
40,ἀκόλλητος,ον,,
41,ἀκολουθέω,,,
42,ἀκολουθία,ας ἡ,,
43,ἀκόλουθος,ον,,
44,ἀκυριολέκτητος,ον,,
45,ἀκυρολέκτητος,ον,,
46,ἀκυρολεξία,ας ἡ,,
47,ἀκυρολογέω,,,
48,ἀκυρολογία,ας ἡ,,
49,ἄκυρος,ον,,
50,ἄληκτος,ον,,
51,ἀλλεπαλληλία,ας ἡ,,
52,ἀλλεπάλληλος,ον,,
53,ἀλλόγλωσσος,ον,,
54,ἀλλοίωσις,εως ἡ,,
55,ἀλλοπαθής,ές,,
56,ἄλλως,,,
57,ἀλογέομαι,,,
58,ἀλογία,ας ἡ,,
59,ἄλογος,ον,,
60,ἀλφάβητος,ου ὁ,,
61,ἀμάρτυρος,ον,,
62,ἀμερής,ές,,
63,ἀμετάβατος,ον,intransitivus,"自動詞の．<span class=""author"">Apoll. Dysc.</span> <span class=""title"">Pron.</span> 44.12."
64,ἀμετάβλητος,ον,,
65,ἀμετάβολος,ον,immutabilis,"（音が）変化しない，<span class=""abbrev"">n. subst.</span>（<span class=""gr"" lang=""el"">λ, ρ, μ, ν</span>といった）継続音．"
66,ἀμετάθετος,ον,,
67,ἀμετάληπτος,ον,,
68,ἀμετάπτωτος,ον,,
69,ἀμετάστατος,ον,,
70,ἀμετάφραστος,ον,,
71,ἀμοιβή,ῆς ἡ,,
72,ἀμοιρέω,,,
73,ἀμφιβάλλομαι,,,
74,ἀμφιβολία,ας ἡ,,
75,ἀμφίβολος,ον,,
76,ἀμφίγλωσσος,ον,,
77,ἀμφίδοξος,ον,,
78,ἀμφότερος,α ον,,
79,ἀναβιβάζω,,,
80,ἀναβιβασμός,οῦ ὁ,,
81,ἀναγιγνώσκω,,,"読む，朗読する．（テクストの）読みを採用する．<span class=""author"">Sch. Aristoph.</span> <span class=""title"">Pax</span> 593, <span class=""author"">Gal.</span> 1.438"
82,ἀνάγνωσις,εως ἡ,lectio,読むこと，朗読．
83,ἀνάγνωσμα,ατος τό,,?
84,ἀναγνωστέον,,,読むべき，（テクストの）読みとして採用するべき．
85,ἀναγραμμτίζω,,,
86,ἀναγραμματισμός,οῦ ὁ,,
87,ἀνάγω,,,
88,ἀναδίδωμι,,,
89,ἀναδιπλασιάζω,,,
90,ἀναδίπλασιασις,εως ἡ,,
91,ἀναδίπλασις,εως ἡ,,
92,ἀναδιπλασιασμός,οῦ ὁ,,
93,ἀναδιπλόω,,,
94,ἀναδίπλωσις,εως ἡ,,
95,ἀνάδοσις,εως ἡ,,"（アクセントを）後退させること．<span class=""gr"" lang=""el"">κύων λέγεται ἐπὶ μὲν τοῦ ἀλόγου ζῴου, παρὰ τὸ κυνεῖν καὶ σαίνειν· ἢ παρὰ τὸ ὠκὺς, (τὸ γὰρ ζῷον ταχύ ἐστιν,) ὑπερβιβασμῷ, καὶ ἀναδόσει τοῦ τόνου.</span> <span class=""author"">Lex.</span> <span class=""title"">EM.</span> 549.30."
96,άναδρομή,ῆς ἡ,,
97,ἀναίρεσις,εως ἡ,,
98,ἀναιρετικός,ή όν,,
99,ἀναιρέω,,,
100,ἀνακεφαλαιωτικός,ή όν,,
101,ἀνακεχωρικώς,υῖα ός,,
102,ἀνἀκλησις,εως ἡ,,
103,ἀνακολουθία,ας ἡ,,
104,ἀνακόλουθος,ον,,
105,ἀνάκρισις,εως ἡ,,疑問，質問．
106,ἀνακριτικός,ή όν,,疑問詞の，疑問を表す．
107,ἀναλογητικός,ή όν,,
108,ἀναλογικός,ή όν,,
109,ἀναλογία,ας ἡ,,
110,ἀναλογιστικός,ή όν,,
111,ἀνάλογος,ον,,
112,ἀνάλυσις,εως ἡ,,
113,ἀναλύω,,,
114,ἀναμερίζω,,,
115,ἀναμερισμός,οῦ ὁ,,
116,ἀναμφίβολος,ον,,
117,ἀναμφίλεκτος,ον,,
118,ἀνανταπόδοσις,εως ἡ,,
119,ἀνανταπόδοτος,ον,,
120,ἀνάπαυσις,εως ἡ,,
121,ἀναπέμπω,,,
122,ἀνάπεμψις,εως ἡ,,
123,ἀναπληρόω,,,
124,ἀναπληρωματικός,ή όν,,
125,ἀναπλήρωσις,εως ἡ,,
126,ἀναπόδοτος,ον,,
127,ἀναπολέω,,,
128,ἀναπόλησις,εως ἡ,,
129,ἀνάπτυξις,εως ἡ,,
130,ἄναρθρος,ον,,
131,ἀναρτάομαι,,,
132,ἀναστρέφομαι,,,
133,ἀναστροφή,ῆς ἡ,,
134,ἀνάτασις,εως ἡ,,
135,ἀνατάσσω,,,
136,ἀνατρεπτικός,ή όν,,
137,ἀνατρέπω,,,
138,ἀνατρέχω,,,
139,ἀναττικός,όν,,
140,ἀναυξησία,ας ἡ,,
141,ἀναύξητος,ον,,
142,ἀναφορά,ᾶς ἡ,,
143,ἀναφορικός,ή όν,relativus,関係詞の．
144,ἀναφώνημα,ατος τό,,感嘆詞，間投詞．
145,ἀναφωνητικός,ή όν,,感嘆を表す，間投詞の．
146,ἀνέγκλιτος,ον,,
147,ἀνειμένος,η ον,,アクセントのない．
148,ἀνεκφώνητος,ον,,
149,ἀνελλειπής,ές,,
150,ἀνελλιπής,ές,,
151,ἀνελλήνιστος,ον,,ギリシア語ではない．
152,ἀνενδοίαστος,ον,,疑いのない，確かな，正しい．
153,ἀνεπέκτατος,ον,,
154,ἀνερμήνευτος,ον,,解釈できない，説明のつかない．
155,ἄνεσις,εως ἡ,,
156,ἀνετυμολόγητος,ον,,語源のない・わからない．
157,ἀνέτυμος,ον,,語源のない・わからない．
158,ἀνέφικτος,ον,,"（文法的に）許容されない．<span class=""author"">Apoll. Dysc.</span> <span class=""title"">Synt.</span> 76.2, 43.15, 66.11, 275."
159,ἀνθυπάγω,,,
160,ἀνθυπαγωγή,ῆς ἡ,,
161,ἀνθυπαλλαγή,ῆς ἡ,,
162,ἀνθυπαλλάσσω,,,
163,ἀνθυπεισέρχομαι,,,
164,ἀνθυπέρχομαι,,,
165,ἀνθυποφέρω,,,
166,ἀνθυποφορά,ᾶς ἡ,,
167,ἀνομοιογενής,ές,,
168,ἀνομοιοκατάληκτος,ον,,
169,ἀνόξυντος,ον,,"鋭アクセントのない．<span class=""author"">Eustath.</span> 930.57."
170,ἀντανακλάω,,,"<span class=""voice"">M</span> <span class=""voice"">P</span>（代名詞が）再帰的である．<span class=""author"">Apoll. Dysc.</span> <span class=""title"">Synt.</span> 175.12; <span class=""title"">Pron.</span> 28.3."
171,ἀντανάκλασις,εως ἡ,,
172,ἀντανακλασμός,οῦ ὁ,,
173,ἀντανάκλαστος,ον,,
174,ἀνταναπληρόω,,,
175,ἀνταποδίδομαι,,,
176,ἀνταπόδοσις,εως ἡ,,
177,ἀνταποδοτικός,ή όν,,
178,ἀντέμφασις,εως ἡ,,
179,ἀντεξέτασις,εως ἡ,,
180,ἀντί,,,"（<span class=""abbrev"">gen.</span>の）代わりに，〜の意味で．<span class=""gr"" lang=""el"">ὁ δέ ἀντὶ τοῦ γάρ</span>《<span class=""gr"" lang=""el"">γάρ</span>代用の（＝理由・説明を導入する）<span class=""gr"" lang=""el""> δέ </span>》."
181,ἀντιβολή,ῆς ἡ,,
182,ἀντιβραχύς,υῖα ύ,,短母音に代わる・相当する．
183,ἀντίγραφον,ου τό,,（テクストの）写し．
184,ἀντιδιασταλτικός,ή όν,,
185,ἀντιδιαστέλλω,,,
186,ἀντιδιαστολή,ῆς ἡ,,
187,ἀντίθεσις,εως ἡ,,
188,ἀντίθετος,ον,,
189,ἀντίκειμαι,,,
190,ἀντίληψις,εως ἡ,,
191,ἀντιμεταβολή,ῆς ἡ,,
192,ἀντιμεταβολή,ῆς ἡ,,
193,ἀντιμεταβαλαμβάνω,,,
194,ἀντιμετάληψις,εως ἡ,,
195,ἀντιμεταχπωρησις,εως ἡ,,
196,ἀντιπαθέω,,,
197,ἀντιπαραβάλλω,,,比べあわせる，比較する．
198,ἀντιπαραδέχομαι,,,
199,ἀντιπαράθεσις,εως ἡ,,比較．
200,ἀντιπαράκειμαι,,,
201,ἀντιπαραλαμβάνομαι,,,
202,ἀντιπαρατίθημι,,,
203,ἀντιπαραχώρησις,εως ἡ,,
204,ἀντιπεπονθώς,υῖα ός,,
205,ἀντιπεριποιέομαι,,,
206,ἀντιπίπτω,,,"（規則に）反する，不規則である．<span class=""author"">Apoll. Dysc.</span> <span class=""title"">Adv.</span> 123.5."
207,ἀντιπροηγέομαι,,,
208,ἀντίπτωσις,εως ἡ,,"格の取り替え，別の格を代わりに用いること．<span class=""gr"" lang=""el"">Ἰαπετιονίδῃ· ἀντίπτωσίς ἐστιν. ἔδει γὰρ εἰπεῖν Ἰαπετωνίδου</span> <span class=""author"">Sch. Hes.</span> <span class=""title"">Th.</span> 528."
209,ἀντιπτωτικός,ή όν,,格の交換・代替に関する．
210,ἀντιστοιχείωσις,εως ἡ,,
211,ἀντιστοιχέω,,,
212,ἀντιστοιχία,ας ἡ,,
213,ἀντίστοιχος,ον,,
214,ἀντιστρέφω,,,
215,ἀντιστροφή,ῆς ἡ,,
216,ἀντίστροφος,ον,,
217,ἀντιτυπέω,,,
218,ἀντιτυπία,ας ἡ,,
219,ἀντίτυπος,ον,,
220,ἀντίφρασις,εως ἡ,,
221,ἀντιφραστικῶς,,,
222,ἀντιχρονία,ας ἡ,,ある時制を他の時制の代わりに用いること．
223,ἀντιχρονισμός,οῦ ὁ,,ある時制を他の時制の代わりに用いること．
224,ἀντονομάζω,,,
225,ἀντονομασία,ας ἡ,,
226,ἀντωνυμία,ας ἡ,pronomen,代名詞．
227,ἀντωνυμικός,ή όν,pronominativus,代名詞の．
228,ἀντώνυμον,ου τό,,代名詞．
229,ἀνυπόκριτος,ον,,"（句読点学者ニーカーノールの設けたカテゴリのひとつ）<span class=""gr"" lang=""el"">ἀνυπόκριτος (ὑπο)στιγμή</span> 挿入句（特に前文（<span class=""gr"" lang=""el"">πρότασις</span>）と後文（<span class=""gr"" lang=""el"">ἀπόδοσις</span>）の間に挟まれたもの）を句切る句読点．<span class=""author"">Sch. Dion. Thr.</span> 24, 27."
230,ἀνυπόστατος,ον,,
231,ἀνυπότακτος,ον,,
232,ἀνύτιος,ον,,
233,ἀνύω,,,
234,ἀνωμαλία,ας ἡ,,
235,ἀνώμαλος,ον,,
236,άξίωμα,ατος τό,,
237,ἀξιωματικός,ή όν,,
238,ἀορισταίνω,,,
239,ἀοριστόομαι,,,アオリストである．
240,ἀόριστος,ον,aoristus (infinitivus),アオリストの．
241,ἀοριστώδης,ες,,"不定の，アオリストの．<span class=""gr"" lang=""el"">ἀοριστώδης χρόνος</span> アオリスト時制．<span class=""author"">Eustath.</span> 1755.58."
242,ἀπαγόρευσις,εως ἡ,,"禁止，拒絶．<span class=""gr"" lang=""el"">τὰ δὲ  ἀπαγορεύσεως, οἷον μή μηδῆτα μηδαμῶς.</span> <span class=""author"">Dion. Thr.</span> 79.1. <span class=""abbrev"">cf.</span> <span class=""gr"" lang=""el"">ἀπόφασις, ἄρνησις</span>."
243,ἀπαγορευτικός,ή όν,,禁止・拒絶を表す．
244,ἀπαθής,ές,,
245,ἀπαιτέω,,,
246,ἀπαναγιγνώσκω,,,
247,ἀπανάγνωσμα,ατος τό,,
248,ἅπαξ,,,
249,ἀπαράδεκτος,ον,,
250,ἀπαράθετος,ον,,
251,ἀπαράλλακτος,ον,,
252,ἀπαρασχημάτιστος,ον,,
253,ἀπαρέμφατος,ον,infinitivus,不定法の．
254,ἀπαρνητικός,ή όν,,否定の，否定を表す．
255,ἀπάρτησις,εως ἡ,,?
256,ἀπαρτίζω,,,
257,ἀπαρατισμός,οῦ ὁ,,
258,ἀπεκδέχομαι,,,"（文脈から）理解する．<span class=""author"">Apoll. Dysc.</span> <span class=""title"">Coni.</span> 226.20."
259,ἀπεκθλίβω,,,
260,ἀπέλευσις,εως ἡ,,"（字母の）脱落．<span class=""gr"" lang=""el"">τὸ δὲ βεβάασιν Ἰωνικὴν ἀπέλευσιν ἔχει τοῦ <span class=""ol"">κ</span> καὶ συστολὴν τοῦ <span class=""ol"">η</span> εἰς <span class=""ol"">α</span> καὶ γεννᾷ κατὰ κρᾶσιν τὸ βεβᾶσι κατὰ τὸ ἑστήκασιν, ἑστήασιν, ἑστάασιν, ἑστᾶσι.</span> <span class=""author"">Eustath.</span> 191.13. <span class=""gr"" lang=""el"">ἀπέλευσις·</span> abicio. <span class=""author"">Gloss.</span> 2.234."
261,ἀπεμφαίνω,,,
262,ἀπενεκτικός,ή όν,ablativus,奪格の．
263,ἀπέριττος,ον,,
264,ἀπλεόναστος,ον,,
265,ἀπλοϊκός,ή όν,,
266,ἁπλοῦς,ῆ οῦν,,
267,ἀποβάλλω,,,"（字母を）取り除く，脱落させる．<span class=""author"">Apoll. Dysc.</span> <span class=""title"">Pron.</span> 36.21."
268,ἀποβλητικός,ή όν,,
269,ἀποβολή,ῆς ἡ,,"取り除くこと，（字母の）脱落．<span class=""author"">Apoll. Dysc.</span> <span class=""title"">Pron.</span> 55.7, <span class=""title"">Synt.</span> 130.1."
270,ἀπόγραφος,οῦ ὁ,,"写された．<span class=""abbrev"">m. n. subst.</span> <span class=""gr"" lang=""el"">ὁ ἀπόγραφος, τὸ ἀπόγραφον</span> 写し．"
271,ἀποδεικτικός,ή όν,,
272,ἀποδίδωμι,,,
273,ἀποδοκιμάζω,,,
274,ἀπόδοσις,εως ἡ,,
275,ἀποθλίβω,,,
276,ἀποκομιστικός,ή όν,ablativus,"<span class=""gr"" lang=""el"">ἡ  ἀποκομιστική (πτῶσις)</span> 奪格．<span class=""author"">Dosith.</span> 401. "
277,ἀποκοπή,ῆς ἡ,,
278,ἀπολείπων,ουσα ον,,
279,ἀπολελυμένος,η ον,,
280,ἀπολυτικός,ή όν,,
281,ἀπόλυτος,ον,,
282,ἀποξενόομαι,,,
283,ἀποπίπτω,,,
284,ἀπορηματικός,ή όν,,
285,ἀπορητικός,ή όν,,
286,ἀποσβεννύω,,,
287,ἀπόστασις,εως ἡ,,
288,ἀποστρέφω,,,
289,ἀποστροφή,ῆς ἡ,,
290,ἀπόστροφος,ου ὁ,apostrophos,"母音脱落（elision）を示す記号，apostrophe. <span class=""gr"" lang=""el"">ἡ δὲ ἀπόστροφος τίθεται, ὅτ᾽ ἂν διὰ τὴν καλλιφωνίαν κουφίζηται τὸ ἓν ὁπηνίκα δύο φωνήεντά εἰσιν ἐν μιᾷ λέξει, οἷον οὐχ᾽ οὕτως«οἱ ἀσεβεῖς οὐχ᾽οὕτως».</span> <span class=""author"">Dion. Thr.</span> 112.5-113.1. <span class=""gr"" lang=""el"">τίνος γὰρ ἕνεκα κουφισμὸν τὴν ἀπόστροφον ἐκάλεσεν; </span> <span class=""author"">Sch. Dion. Thr.</span> 146.24."
291,ἀπότασις,εως ἡ,,
292,ἀποτείνω,,,
293,ἀποτελεστικός,ή όν,,（接続詞が）帰結文を表す．
294,ἀποτελεσμός,οῦ ὁ,,"目的文，目的節．<span class=""gr"" lang=""el"">«γράφω» ὁρισμός, «ἐὰν γράφω» δισταγμός, «ἵνα γράφω» ἀποτελεσμός, «ὅτι γράφω» αἰτιολογία, «καὶ γράφω» βεβαίωσις.</span> <span class=""author"">Sch. Dion. Thr.</span> 284.2-3."
295,ἀποτελέω,,,
296,ἀποτερματίζω,,,
297,ἀποφαίνομαι,,,
298,ἀποφαντικός,ή όν,,
299,ἀπόφασις,εως ἡ,,"否定，否定辞．<span class=""gr"" lang=""el"">τὰ δὲ  ἀρνήσεως ἢ ἀποφάσεως, οἷον οὔ οὐχί οὐδῆτα οὐδαμῶς.</span> <span class=""author"">Dion. Thr.</span> 78.1. <span class=""abbrev"">cf.</span> <span class=""gr"" lang=""el"">ἀπαγόρευσις</span>."
300,ἀποφατικός,ή όν,,否定の，否定を表す．
301,ἀποφυγή,ῆς ἡ,,
302,ἀπρόσληπτος,ον,,
303,ἀπρόσωπος,ον,,（動詞が）非人称の．
304,ἄπτωτος,ον,,格変化のない．
305,ἀρθρικός,ή όν,,冠詞の，冠詞に関する．
306,ἄρθρον,ου τό,,"<span class=""gr"" lang=""el"">προτακτικόν</span> 冠詞．<span class=""gr"" lang=""el"">ὑποτακτικόν</span> 関係代名詞．"
307,ἀριθμητικός,ή όν,,"<span class=""abbrev"">n. subst.</span> <span class=""gr"" lang=""el"">ἀριθμητικόν (ὄνομα)</span> 基数詞．"
308,ἀριθμός,οῦ ὁ,numerus,数．
309,Ἀριστάρχειος,α ον,,アリスタルコスの．
310,ἀρκτικός,ή όν,inchoativus,"起動的な，始動的な．sunt quaedam verba inchoativa appellantur, <span class=""gr"" lang=""el"">ἀρκτικά</span> quaeque rem modo inchoatam et futuram significant, uelut horresco, id est incipio horrere. <span class=""author"">Char.</span> 329.23. "
311,ἁρμογή,ῆς ἡ,,
312,ἄρνησις,εως ἡ,,"否定，否定辞．<span class=""gr"" lang=""el"">τὰ δὲ  ἀρνήσεως ἢ ἀποφάσεως, οἷον οὔ οὐχί οὐδῆτα οὐδαμῶς.</span> <span class=""author"">Dion. Thr.</span> 78.1. <span class=""abbrev"">cf.</span> <span class=""gr"" lang=""el"">ἀπαγόρευσις</span>. <span class=""gr"" lang=""el"">οὐχ ἥκιστα· ἀντὶ τοῦ πάνυ· αἱ γὰρ δύο ἀρνήσεις μίαν συγκατάθεσιν ποιοῦσι·</span> <span class=""author"">Sch. Soph.</span> <span class=""title"">OT.</span> 1053."
313,ἀρνητικός,ή όν,,否定の，否定を表す．
314,ἄρροιζος,ον,,
315,ἀρσενικός,ή όν,masculinus,男性の．
316,ἄρρην,εν,masculinus,男性の．
317,ἄρσις,εως ἡ,,
318,ἀρτάομαι,,,
319,ἀσήμαντος,ον,,
320,ἄσημος,ον,,意味のない．
321,ἀσόλοικιστος,ον,,破格のない，正しい．
322,ἀσόλοικος,ον,,破格のない，正しい．
323,ἀστιγής,ές,,句読点のない．
324,ἀστιξία,ας ἡ,,"句読点のないこと．<span class=""gr"" lang=""el"">τὰ γὰρ σχοινοτενῆ κῶλα διὰ τὴν ἀστιξίαν | συντόμως μᾶλλον λέγεται τῶν κομματικωτέρων</span> <span class=""author"">Anecd.</span> <span class=""title"">Ox.</span> 4.51.14-15."
325,ἀσύγκριτος,ον,,比較級のない．
326,ἀσύζυγος,ον,,
327,ἀσυμβίβαστος,ον,,
328,ἀσύμμικτος,ον,,
329,ἀσυμφωνία,ας ἡ,,
330,ἀσύμφωνος,ον,,
331,ἀσυναίρετος,ον,,
332,ἀσυνάλειπτος,ον,,
333,ἀσύναρθρος,ον,,冠詞のない．
334,άσύνδετος,ον,,"接続詞のない．<span class=""abbrev"">n. subst.</span> <span class=""gr"" lang=""el"">τὸ ἀσύνδετον</span> 接続詞を用いない文体．"
335,ἀσυνέγκλιτος,ον,,
336,ἀσυνέλευτος,ον,,
337,ἀσυνέμπτωτος,ον,,
338,ἀσύνετος,ον,,理解できない．
339,ἀσυνήθης,ες,,使われていない，尋常でない．
340,ἀσυνθεσία,ας ἡ,,
341,ἀσύνθετος,ον,,
342,ἀσυντακτικός,ή όν,,
343,ἀσύντακτος,ον,,
344,ἀσυνταξία,ας ἡ,,
345,ἀσυνύπαρκτος,ον,,
346,ἀσυστατέω,,,
347,ἀσύστατος,ον,,
348,ἄτακτος,ον,,
349,ἀτελής,ές,,
350,Ἀτθίς,ίδος ἡ,,アッティカ方言．
351,ἄτονος,ον,,アクセントのない．
352,ἄτρεπτος,ον,,
353,ἀτριβής,ές,,使われていない．
354,Ἀττικός,ή όν,,"アッティカの．<span class=""gr"" lang=""el"">Ἀττική (χρῆσις)</span> アッティカ用法．"
355,Ἀττικίζω,,,アッティカ方言を使う．アッティカ式のギリシア語を話す・書く．
356,Ἀττίκισις,εως ἡ,,
357,Ἀττικισμός,οῦ ὁ,,アッティカ式ギリシア語への偏愛，アッティカ贔屓．
358,αὐθυπότακτος,ον,,"アオリスト接続法の．<span class=""abbrev"">m. subst.</span> <span class=""gr"" lang=""el"">ὁ αὐθυπότακτος (χρόνος)</span> アオリスト接続法．"
359,αὐξάνω,,,
360,αὔξησις,εως ἡ,,
361,αὐτενεργητικός,ή όν,,
362,αὐτενέργητος,ον,,
363,αὐτοέκτατος,ον,,
364,αὐτόθετος,ον,,
365,αὐτοπάθεια,ας ἡ,,
366,αὐτοπαθής,ές,,
367,αὐτοπαθητικός,ή όν,,
368,αὐτοσύστατος,ον,,
369,αὐτοτέλεια,ας ἡ,,
370,αὐτοτελής,ές,,
371,αὐτουδέτερος,ον,,
372,αὐτόφωνος,ον,,"母音の．<span class=""abbrev"">n. subst.</span> <span class=""gr"" lang=""el"">αὐτόφωνον</span> 母音．<span class=""gr"" lang=""el"">τὰ μὲν γὰρ φωνήεντα ἔοικεν ἐργάταις, τὰ δὲ σύμφωνα φορτίοις, ὡς τὰ μὲν αὐτοκίνητα ὡς ἂν εἴποι τις καὶ αὐτόφωνα, τὰ δὲ ὡς ἑτεροκίνητα καὶ σὺν ἑτέροις ἐκφωνούμενα, αὐτὰ δὲ καθ᾽ ἑαυτὰ τοῦ προφορικοῦ μὴ τυγχάνοντα·</span> <span class=""author"">Sch. Dion. Thr.</span> 49.27-50.3."
373,ἀφαίρεσις,εως ἡ,,
374,ἀφαιρετικός,ή όν,ablativus,"奪格の．<span class=""gr"" lang=""el"">ἡ  ἀφαιρετική(πτῶσις)</span> 奪格．"
375,ἀφαιρέω,,,
376,ἄφθογγον,,,
377,ἄφωνος,ον,mutus,"<span class=""gr"" lang=""el"">τὰ ἄφωνα</span> 子音（特に閉鎖音）．"
378,ἀχαρακτήριστος,ον,,
379,ἀχάσμητος,ον,,"ヒアトゥスのない．<span class=""author"">Eustath.</span> 919.35."
380,ἀχρηστεύω,,,使われていない．
381,ἀχρηστολογέω,,,
382,ἄχρηστος,ον,,（単語などが）使われていない．
383,ἀχώριστος,ον,,分離できない．
384,βαθμός,οῦ ὁ,gradus,"（比較の際の）級．<span class=""gr"" lang=""el"">βαθμοὶ τοιγαροῦν τῶν συγκρίσεών εἰσιν τρεῖς, ἀπόλυτος συγκριτικός ὑπερθετικός.</span> <span class=""author"">Dosith.</span> 398.11; 399.11; 400.5."
385,βαρβαρίζω,,,おかしな・間違ったギリシア語を用いる．
386,βαρβαρισμός,οῦ ὁ,,"間違ったギリシア語．<span class=""gr"" lang=""el"">σολοικισμός</span>とは異なり個別の単語レベルでの誤用．"
387,βαρυντικός,ή όν,,"アクセントを後ろへ（＝単語のはじめの方へ）下げる．<span class=""author"">Lex.</span> <span class=""title"">EM.</span> 548.19, <span class=""author"">An. Gr.</span> <span class=""title"">Bek.</span> 663."
388,βαρύνω,,gravo,"<span class=""subd"">1</span> <span class=""voice"">A</span>（音節を）アクセントなしで発音する，（単語の）最終音節にアクセントをつけない．<span class=""subd"">2</span> <span class=""voice"">M</span>最終音節にアクセントを持たない．"
389,βαρύς,εῖα ύ,gravis,"（音程が）低い，重アクセントの・無アクセントの．<span class=""abbrev"">m. subst. </span><span class=""gr"" lang=""el"">βαρύς (τόνος)</span><span class=""abbrev""> f. subst. </span><span class=""gr"" lang=""el"">βαρεῖα (προσῳδία)</span>重アクセント．"
390,βαρύτης,ητος ἡ,,重アクセント，無アクセント．最後の音節にアクセントのないこと．
391,βαρυτονέω,,,（音節を）アクセントなしで発音する，（単語の）最終音節にアクセントをつけない．
392,βαρυτόνησις,εως ἡ,,最後の音節にアクセントがないこと．
393,βαρύτονος,ον,,（音節について）アクセントのない．（単語について）最後の音節にアクセントがない（＝それより前にアクセントがある）．
394,βεβαίωσις,εως ἡ,,?
395,βιβλιακός,ή όν,,"<span class=""subd"">1</span> 本の，書物の．<span class=""subd"">2</span> 衒学的な．"
396,βουστροφηδόν,,,牛耕法．行末で折り返すと逆方向に書き進めていく書き方．
397,βραχυκαταληκτέω,,,短音節で終わる．
398,βραχυκατάληκτος,ον,,最後の音節が短い．
399,βραχυκαταληξία,ας ἡ,,最後の音節が短いこと，その状態．
400,βραχύνω,,,短くする．
401,βραχυπαραληκτέω,,,最後から2番目に短い音節を持つ．
402,βραχυπαράληκτος,ον,,最後から2番目に短い音節を持つ．
403,βραχυπαράληξις,εως ἡ,,最後から2番目に短い音節を持つこと，その状態．
404,βραχυπροπαραληκτέω,,,"最後から3番目に短い音節を持つ．<span class=""author"">Drac.</span> 22. 3."
405,βραχύς,εῖα ύ,brevis,（母音，音節が）短い．
406,βραχυσύλλαβος,ον,,音節の短い．
407,γενικός,ή όν,genetivus,"属格の．<span class=""gr"" lang=""el"">ἡ  γενική (πτῶσις)</span> 属格．"
408,γένος,ους τό,genus,（文法上の）性．
409,γλῶσσα,ης ἡ,glossa,方言，言語，稀語．
410,γλώσσημα,ατος τό,glossema,稀語，外来語．
411,γράμμα,ατος τό,gramma,文字，アルファベット．
412,γραμματικός,ή όν,grammaticus,文字・文法に関わる．
413,γραμματιστής,οῦ ὁ,,初等教師，文法家．
414,γραφή,ῆς ἡ,,書物，文書．（テクストの）読み．
415,δακτυλικός,ή όν,,ダクテュロス（長短短格）の．
416,δασυντής,οῦ ὁ,,気息付きの発音を好む人．
417,δασύνω,,aspiro,気息付きで発音する．
418,δασύς,εῖα ύ,,"気息付きの，有気の（<span class=""abbrev"">opp.</span> <span class=""gr"" lang=""el"">ψιλός</span>）．"
419,δασύτης,ητος ἡ,,（発音の）気息．
420,δεικτικός,ή όν,,指示的な，指示詞の．
421,δεῖνα,ος ὁ ἡ τό,,ある．冠詞を伴って，しばしば動詞などが要求する格の例示に用いられる．
422,δεῖξις,εως ἡ,,指示，参照．
423,δεκάσημος,ον,,10音節の長さの．
424,δεύτερος,α ον,secundus,二人称の．
425,δευτέρωσις,εως ἡ,,反復．
426,δηλαδή,,scilicet id est,すなわち，つまり．
427,δηλονότι,,scilicet id est,（説明を導入して）すなわち，明らかに．
428,δηλόω,,,意味する．
429,διά,,,"（<span class=""abbrev"">gen.</span>）〜によって．特に文字に関して用いられる．διὰ τοῦ <span class=""ol"">α</span> γράφεται. <span class=""author"">Sch. Il.</span> 10.29"
430,διάβασις,εως ἡ,,他動詞的働き．
431,διαβατιλός,ή όν,,他動詞の．
432,διαβεβαιωτιλός,ή όν,,
433,διαβιβάζομαι,,,
434,διαβιβασμός,οῦ ὁ,,
435,διαβιβαστικός,ή όν,,
436,διάδοσις,εως ἡ,,
437,διαζεύγνυμι,νύω,,
438,διαζευκτικός,ή όν,,
439,διάζευξις,εως ἡ,,
440,διάθεσις,εως ἡ,vox,態．
441,διαίρεσις,εως ἡ,,
442,διαιρετικός,ή όν,,
443,διαιρέω,,,
444,διακοπή,ῆς ἡ,,
445,διακριτικός,ή όν,,
446,διακρουτικός,ή όν,,
447,διαλαλία,ας ἡ,,
448,διάλεκτος,ου ἡ,,
449,διαλλαγή,ῆς ἡ,,
450,διάλληλος,ον,,
451,διάλυσις,εως ἡ,,
452,διαλύω,,,
453,διάνοια,ας ἡ,,意味．
454,διαπίπτω,,,
455,διαπόρησις,εως ἡ,,
456,διαπορητικός,ή όν,,
457,διαρθρόω,,,
458,διάρθρωσις,εως ἡ,,
459,διασαφητικός,ή όν,,
460,διασταλτικός,ή όν,,
461,διαστέλλω,,,
462,διάστημα,ατος τό,,
463,διαστηματικός,ή όν,,
464,διαστιγμή,ῆς ἡ,,"句読点（？）．<span class=""author"">Gloss.</span> 3.277."
465,διαστίζω,,,句読点を打つ，区切る．
466,διαστολή,ῆς ἡ,,
467,διατίθημι,,,
468,διαφορά,ᾶς ἡ,,
469,διαφωνία,ας ἡ,,
470,δίβραχυς,εῖα ύ,,二つの短音節から成る．
471,δίγαμμα,τό,,"<span class=""gr"" lang=""el"">ϝ.</span> ディガンマ．"
472,διγενής,ές,,二つの性を持つ．
473,διγράμματος,ον,,二つの文字から成る．
474,δίγραμμος,ον,,"（文字が）二画から成る．<span class=""gr"" lang=""el"">τὸ δὲ Γ δίγραμμον</span> <span class=""author"">Sch. Dion. Thr.</span> 318.4."
475,διεγείρω,,,
476,διηγηματικός,ή όν,,
477,δικατάληκτος,ον,,
478,δικαταληξία,ας ἡ,,
479,δίκωλος,ον,,
480,διορθόω,,,正す，訂正する．
481,διόρθωσις,εως ἡ,emendatio,訂正・校訂，（それらを施したテクストの）エディション．
482,διορθωτικός,ή όν,,訂正・校訂に関わる．
483,διορίζω,,,
484,διπλάζω,,,
485,διπλασιάζω,,,
486,διπλασίασις,εως ἡ,,
487,διπλασιασμός,οῦ ὁ,,
488,διπλασμός,οῦ ὁ,,?
489,διπλασιολογία,ας ἡ,,
490,διπλόσημαντος,ον,,
491,διπλόσημος,ον,,
492,διπλοῦς,ῆ οῦν,,
493,διπρόσωπος,ον,,
494,δίπτωτος,ον,,
495,δίσημαντος,ον,,
496,δίσημος,ον,,
497,δισσολογέω,,,
498,δισσολογία,ας ἡ,,
499,δισσός,ή όν,,
500,δισταγμός,οῦ ὁ,,
501,διστακτικός,ή όν,,
502,διστασμός,οῦ ὁ,,
503,δισυλλαβέω,,,ふたつ音節を持つ．
504,δισυλλαβία,ας ἡ,,二音節（であること）．
505,δισύλλαβος,ον,,二音節の．
506,δισχιδόν,,,
507,δισώνυμος,ον,,
508,διτονέω,,,"ふたつのアクセントを持つ．<span class=""author"">Apoll. Dysc.</span> <span class=""title"">Pron.</span> 60.16, <span class=""title"">Synt.</span> 307.15."
509,διτονίζω,,,"二通りにアクセントをつける．<span class=""gr"" lang=""el"">τὸ ἡμῖν οἱ τραγικοὶ διτονίζουσι, ποτὲ μὲν περισπῶντες, ὅτε καὶ μακρὰν ἔχει τὴν λήγουσαν, ποτὲ δὲ ὀξύνοντες, ὅτε καὶ βραχεῖαν αὐτὴν ἔχει</span> <span class=""author"">Sch. rec. Soph.</span> <span class=""title"">Ai.</span> 733."
510,δίτονος,ον,,
511,διφθογγίζω,,,二重母音で書く．
512,διφθογγογραφέω,,,二重母音で書く．
513,διφθογγόομαι,,,二重母音で書かれる．
514,δίφθογγος,ον,,"ふたつの音を持つ．<span class=""abbrev"">f. subst.</span> <span class=""gr"" lang=""el"">ἡ δίφθογγος</span>, <span class=""abbrev"">n. subst.</span> <span class=""gr"" lang=""el"">τὸ δίφθογγον</span> 二重母音．"
515,διφορέομαι,,,
516,διφόρησις,εως ἡ,,
517,διχονοητικός,ή όν,,
518,διχρονία,ας ἡ,,
519,δίχρονος,ον,,
520,διωνυμία,ας ἡ,,
521,διώνυμος,ον,,
522,δόκιμος,ον,,（規範に照らして）正しい，認められた，許容できる．
523,δοτικός,ή όν,dativus,"与格の．<span class=""gr"" lang=""el"">ἡ  δοτική (πτῶσις)</span> 与格．"
524,δουλεύω,,,従う，（語句が他の語句を）伴う．（テクストに）忠実である．
525,δρᾶσις,εως ἡ,,（動詞の）能動的はたらき．
526,δραστήριος,ον,,能動態の．
527,δραστικός,ή όν,,能動態の．
528,δυϊκός,ή όν,dualis,双数の．
529,δύναμαι,,valeo,意味する．
530,δύναμις,εως ἡ,potestas vis,意味，（字母の）音価．
531,δυνητικός,ή όν,,"（<span class=""gr"" lang=""el"">ἄν, κε</span>などが）可能性を表す．"
532,δυσέκφορητος,ον,,
533,δυσέκφορος,ον,,
534,δυσεκφώνητος,ον,,
535,δυσήκοος,ον,,
536,δυσκίνητος,ον,,
537,δύσκλιτος,ον,,
538,δύσφραστος,ον,,
539,δυσφωνία,ας ἡ,,
540,δύσφωνος,ον,,響きの悪い．
541,δυσωνυμέω,,,悪い・不吉な名を持つ．
542,Δωρίζω,,,ドーリス方言を用いる．
543,Δωρικός,ή όν,,ドーリス方言の．
544,Δώριος,α ον,,ドーリス方言の．
545,ἐγγιγνομένη κλίσις,,,
546,ἔγγραμματος,ον,,
547,ἔγγραμμος,ον,,
548,ἐγείρω,,,
549,ἐγερτικός,ή όν,,
550,ἐγκελευσματικός,ή όν,,
551,ἐγκελευστικός,ή όν,,
552,ἔγκλιμα,ατος ὁ,,
553,ἔγκλισις,εως ἡ,modus,法．
554,ἐγκλιτέον,,,
555,ἐγκλιτικός,ή όν,,
556,ἔθιμος,ον,,使われている．
557,ἐθνικός,ή όν,,
558,ἔθος,ους τό,,
559,εἰδικός,ή όν,,
560,εἶδος,ους τό,,
561,εἰκασμός,οῦ ὁ,,
562,εἰς,,,
563,ἐκβάλλω,,,
564,ἐκβολή,ῆς ἡ,,
565,ἐκδέχομαι,,,
566,ἔκδοσις,εως ἡ,,（書物の）公刊，エディション．
567,ἐκδρομή,ῆς ἡ,,
568,ἔκθεσμος,ον,,不規則な．
569,ἐκθηλύνω,,,"（語を）女性として用いる．<span class=""gr"" lang=""el"">οἱ Ἴωνες πάσας τὰς ἀγέλας ἐκθηλύνουσι τῇ προφορᾷ, τὰς ἵππους, καὶ τὰς ὄνους, καὶ τὰς βοῦς λέγοντες.</span> <span class=""author"">Lex.</span> <span class=""title"">EM.</span> 473.35."
570,ἐκθλίβω,,,
571,ἔκθλιψις,εως ἡ,,
572,ἔκκειμαι,,,
573,ἐκκόπτω,,,
574,ἐκλειπτικός,ή όν,,
575,ἐκλείπω,,,
576,ἐκπίπτω,,,
577,ἔκτασις,εως ἡ,,
578,ἐκτατικός,ή όν,,
579,ἐκτείνω,,,
580,ἐκφέρω,,,
581,ἐκφορά,ᾶς ἡ,,
582,ἐκφωνέω,,,
583,ἐκφώνησις,εως ἡ,,
584,ἐκκειπής,ές,,
585,ἐκκειπτικός,ή όν,,
586,ἐλλείπω,,,
587,ἔλλειψις,εως ἡ,,
588,ἑλληνισμός,οῦ ὁ,,
589,ἐλλιπής,ές,,
590,ἐμπαθής,ές,,
591,ἐμπεριεκτικός,ή όν,,
592,ἐμπεριλαμβάνω,,,
593,ἐμπεριληπτικός,ή όν,,
594,ἐμφαίνω,,,
595,ἐμφαντικός,ή όν,,
596,ἔμφασις,εως ἡ,,
597,ἐν,,,
598,ἐναλλαγή,ῆς ἡ,,
599,ἐναντιότης,ητος ἡ,,
600,ἐναντιωματικός,ή όν,,
601,ἐναρκτικός,ή όν,,
602,ἐνδεής,ές,,
603,ἔνδεια,ας ἡ,,
604,ἐνδιπλασιάζω,,,
605,ἐνέργεια,ας ἡ,activum,能動態．
606,ἐνεργέω,,,
607,ἐνεργητικός,ή όν,,
608,ἐνεστώς,ῶσα ός,praesens,現在の．
609,ἔνθεσις,εως ἡ,,
610,ἑνικός,ή όν,singularis,単数の．
611,ἔννοια,ας ἡ,,意味．
612,ἐντελής,ές,,
613,ἐνυπόκριτος,,,"（句読点学者ニーカーノールの設けたカテゴリのひとつ）<span class=""gr"" lang=""el"">ἀνυπόκριτος (ὑπο)στιγμή</span> 前文（<span class=""gr"" lang=""el"">πρότασις</span>）と後文（<span class=""gr"" lang=""el"">ἀπόδοσις</span>）を区切る句読点．"
614,ἐξακολουθέω,,,
615,ἐξαλλαγή,ῆς ἡ,,
616,ἐξάπλωσις,εως ἡ,,
617,ἐξάπτωτος,ον,,
618,ἐξασύλλαβος,ον,,
619,ἐξασύλλαβος,ον,,
620,ἐξαττικίζω,,,
621,ἐξέγερσις,εως ἡ,,
622,ἐξηγέομαι,,,説明する，解釈する，註釈する．
623,ἐξήγησις,εως ἡ,enarratio,説明，註釈．
624,ἐξηγητής,οῦ ὁ,,解釈者，註釈者．
625,ἐξηγητικός,ή όν,enarrativus exegeticus,説明的な．
626,ἑξῆς,τό,ordo,"（単語の）並び，（通常の）語順，文法的構造．τὸ ἑξῆς· ἔλθοι, ὅπως γένοιτο.《語順は次のごとくである，すなわち「来たれ，～となるように」（ἔλθοι, κλύει δὲ πρόσωθεν ὢν θεός, ὅπως γένοιτο τῶνδ' ἐμοὶ λυτήριοςという原文に対して，δέによる節が挿入句であることを示すための語順整理が古註の意図）》．<span class=""author"">Sch. Aeschyl.</span> <span class=""title"">Eum.</span> 298."
627,ἐξομαλίζω,,,
628,ἔξωθεν,,,
629,ἐξώθησις,εως ἡ,,
630,ἐπαγγελία,ας ἡ,,意味．
631,ἐπαίρω,,,高める，鋭アクセントにする．
632,ἐπακολουθητικός,ή όν,,
633,ἐπαλληλία,ας ἡ,,
634,ἐπάλληλος,ον,,
635,ἐπαλληλότης,ητος ἡ,,
636,ἐπαμφοτερίζω,,,
637,ἐπαναδίπλωσις,εως ἡ,,
638,ἐπαπορηματικός,ή όν,,
639,ἐπαπορητικός,ή όν,,
640,ἐπαυξάνω,,,
641,ἐπαύξησις,εως ἡ,,
642,ἐπείσοδος,ου ἡ,,
643,ἐπέκτασις,εως ἡ,,
644,ἐπεκτατικός,ή όν,,
645,ἐπεκτείνω,,,
646,ἐπένθεσις,εως ἡ,,
647,ἐπενθετικός,ή όν,,
648,ἐπεντίθημι,,,
649,ἐπεξηγέομαι,,,詳しく説明する，解釈する．
650,ἐπεξηγηματικός,ή όν,,"説明する．<span class=""gr"" lang=""el"">καθ᾽ὅσον μὴ πολλὴ ἀνάγκη] τοῦτο ἐπεξηγηματικόν ἐστι τοῦ ἐν τοῖς ἐφεξῆς, τοῦ ἐὰν ὅ τι μάλιστα μηδὲν ὁμιλῶμεν τῷ σώματι μηδὲ κοινωνῶμεν, ὅ τι μὴ πᾶσα ἀνάγκη.</span> <span class=""author"">Sch. Plat.</span> <span>Phaed.</span> 64D."
651,ἐπεξήγησις,εως ἡ,,詳細な説明，解釈．
652,ἐπηρμένη,ἔγκλισις,,
653,ἐπί,,,
654,ἐπιζευκτικός,ή όν,adiunctivus,"接続する，接続法の．<span class=""gr"" lang=""el"">ἰστέον δὲ ὅτι τὰ ὑποτακτικὰ ἓξ ὀνομασίας, τρεῖς ἀπο τῆς σημασίας, καὶ δύο ἀπὸ τῆς συντάξεως, καὶ μίαν ἀπὸ τῆς φωνῆς ... ἀπὸ δὲ τῆς συντάξεως ὑποτακτικὰ καὶ ἐπιζευκτικὰ καλοῦνται· καὶ ὑποτακτικὰ μὲν καλοῦνται, καθὸ ὑποτάττονται τούτοις τοῖς συνδέσμοις, φημὶ δὴ τῷ ἵνα, τῷ ὄφρα, τῷ ὅπως, τῷ ἐάν· ἐπιζευκτικὰ δέ, ὅτι ἐπιζεύγνυνται τούτοις τοῖς συνδέσμοις.</span> <span class=""author"">Choerob.</span> <span class=""title"">Theod.</span> 2.275. （接続詞が）接続法を取る．"
655,ἐπίζευξις,εως ἡ,,
656,ἐπιθετικός,ή όν,,"形容詞の．<span class=""abbrev"">n. subst.</span> 形容詞．"
657,ἐπίθτετος,ον,adiectivus,"形容詞の．<span class=""abbrev"">n. subst.</span> 形容詞．"
658,ἐπίκοινος,ον,,
659,ἐπικοινωνέω,,,
660,ἐπικράτεια,ας ἡ,,
661,ἐπιλείπω,,,
662,ἐπιλογιστικός,ή όν,,
663,ἐπιμεριζόμενος,η ον,distributivus (partitivus),"集合的な．<span class=""gr"" lang=""el"">ἐπιμεριζόμενον ὄνομα</span> <span class=""author"">Dion. Thr.</span> 637.15. 集合名詞．<span class=""gr"" lang=""el"">γενικὴ ἐπιμεριζομένη</span> <span class=""author"">Apoll. Dysc.</span> <span class=""title"">Synt.</span> 35.1. 部分の属格（genetivus partitivus）．"
664,ἐπιμερίζω,,divido,分配する，割り当てる．
665,ἐπιμερισμός,ή όν,,分配・分割すること，（文の単語への）分析，分類．
666,ἐπιπλοκή,ῆς ἡ,,
667,ἐπίρρημα,ατος τό,adverbium,副詞．
668,ἐπιρρηματικός,ή όν,,
669,ἐπισημασία,ας ἡ,,
670,ἐπισημείωσις,,,
671,ἐπίσημος,,,
672,ἐπισταλτικός,ή όν,dativus,"書簡の，宛先を表す．<span lang=""abbrev"">f. subst.</span> <span class=""gr"" lang=""el"">ἐπισταλτικὴ (πτῶσις)</span> 宛先の格（＝与格）．<span class=""gr"" lang=""el"">ἡ δὲ δοτικὴ ἐπισταλτική</span> <span class=""author"">Dion. Thr.</span> 31.7; <span class=""gr"" lang=""el"">ἡ δὲ δοτικὴ ἐπισταλτική ] καλῶς οὕτως εἴρηται, ἐπείπερ καὶ τοῖς φίλοις ἐπιστέλλοντες ταύτῃ χρώμεθα, ὥς ποτε Κλέων ὁ στρατηγὸς τοῖς Ἀθηναίοις ἐπιστέλλων γέγραφε « Κλέων Ἀθηναίοις χαίρειν».</span> <span class=""author"">Sch. Dion. Thr.</span> 231.31-232.2."
673,ἐπιστέρησις,εως ἡ,,
674,ἐπισυναλοιφή,ῆς ἡ,,
675,ἐπισυνέμπτωσις,εως ἡ,,
676,ἐπισύνθετος,ον,,
677,ἐπιταγματικός,ή όν,,
678,ἐπίτασις,εως ἡ,,"<span class=""subd"">1</span> 強調，強意．<span class=""gr"" lang=""el"">καὶ γίνεται παρὰ τὸ δύω δύμος καὶ μετὰ τῆς <span class=""ol"">νη</span> στερήσεως νήδυνος ἢ ἄγαν δύνων παρὰ τὸ <span class=""ol"">νη</span> ἐπιτατικὸν καὶ τὸ δύω· ἔστι γὰρ ἐπίτασις καὶ διὰ τοῦ <span class=""ol"">νη</span>, ὡς δηλοῖ τὸ, πόντος νήχυτος. </span> <span class=""author"">Eustath.</span> 163.28. <span class=""subd"">2</span> 鋭アクセントがあること．"
679,ἐπιτάσσω,,,
680,ἐπιτατικός,ή όν,,（副詞・接頭辞が）強調的・強意的な．
681,ἐπιτείνω,,,
682,ἐπιτελεστικός,ή όν,,
683,ἐπιφέρομαι,,,
684,ἐπίφθεγμα,ατος τό,,
685,ἐπιφορά,ᾶς ἡ,,
686,ἐπιφορητικός,ή όν,,
687,ἐπιφορικός,ή όν,,
688,ἐπιφωνέω,,,
689,ἐπιφώνημα,ατος τό,,
690,ἐπιφώνησις,εως ἡ,,
691,ἐπιφωνητικόν,οῦ τό,,
692,ἐπιχωριάζω,,,
693,ἐπιχώριος,α ον,,
694,ἑπταγράμματος,ον,,
695,ἐπῳδός,οῦ ἡ,,
696,ἐπῳδός,οῦ ὁ,,
697,ἐπωνυμία,ας ἡ,,
698,ἐπώνυμον,ὄνομα,,
699,ἑρμηνεία,ας ἡ,,
700,ἑρμηνευτικός,ή όν,,
701,ἐρώτημα,ατος τό,,疑問（特に肯定・否定の返答を期待する）．
702,ἐρωτηματικός,ή όν,,疑問（詞）の．
703,ἐρώτησις,εως ἡ,,疑問．
704,ἐσόμενος,ον,,未来の．
705,ἔσωθεν,,,
706,ἑτεράριθμος,ον,,
707,ἑτερογενής,ές,,
708,ἑτερόζυγος,ον,,
709,ἑτεροίωσις,εως ἡ,,
710,ἑτερόκλιτος,ον,,
711,ἑτεροπάθεια,ας ἡ,,
712,ἑτερόπτωτος,ον,,
713,ἑτεροσήμαντος,ον,,
714,ἑτεροσχημάτιστος,ον,,
715,ἑτεροφωνέομαι,,,
716,ἑτερόχρονος,ον,,
717,ἑτερωνυμία,ας ἡ,,
718,ἑτερώνυμος,ον,,
719,ἐτυμηγορέω,,,
720,ἐτυμηγορία,ας ἡ,,
721,ἐτυμολογέω,,,語の由来を分析する，語源を論じる．
722,ἐτυμολογία,ας ἡ,,語源．
723,ἐτυμολογικός,ή όν,,"語源に関する．<span class=""abbrev"">m. subst.</span> <span class=""gr"" lang=""el"">ὁ ἐτυμολογικός</span> 語源学者．"
724,ἔτυμον,ου τό,,語の本来の意味，語源．
725,ἐτυμότης,ητος ἡ,,語の本来の意味，語源．
726,εὐαστικός,ή όν,,"（副詞が）感嘆を表す．<span class=""gr"" lang=""el"">ἀλλ᾽ ἐκεῖνό τις εἴποι ἄν, πράξεις καὶ τοιοῦτον λόγον περιγεγράψεται τοῦ κα<τὰ τὰ ἐπιρ>ρήματα μερισμοῦ τὸ οἴμοι καὶ τὰ τοιαῦτα τῶν ἀπιρρημάτων, λέγω τὰ σχετλιαστικὰ καὶ εὐαστικά.</span> </span> <span class=""author"">Apoll. Dysc.</span> <span class=""title"">Adv.</span> 121.21."
727,εὐγραμματία,ας ἡ,,
728,εὐδιάθετος,ον,,
729,εὐεπέκτατος,ον,,
730,εὐθετίζω,,,
731,εὐθετισμός,οῦ ὁ,,
732,εὐθετός,όν,,
733,εὐθύνομαι,,,
734,εὐθύς,εῖα ύ,nominativus,"正格（主格）の．<span class=""gr"" lang=""el"">ἡ  εὐθεῖα (πτῶσις)</span> 正格（主格）．"
735,εὐκτικός,ή όν,optativus,希求法の．
736,εὐμάλακτος,ον,,
737,εὐπαράδεκτος,ον,,
738,εὐρυφωνία,ας ἡ,,
739,εὐσυνθεσία,ας ἡ,,
740,εὐσύνθετος,ον,,
741,εὐσύντακτος,ον,,
742,εὐσυνταξία,ας ἡ,,"<span class=""gr"" lang=""el"">τὸ δὲ, οὓς τέκετο Ῥέα, δι᾽ εύσυνταξίαν πρόσκειται, ἵνα μή τις παίξῃ ἐν τῷ, τρεῖς γάρ τε Κρόνου ἐσμὲν ἀδελφοὶ, τὸ διῃρημένον συνθεὶς καὶ εἰπὼν ὅτι τρεῖς ἀδελφοὶ Κρόνου ὁ Ζεὺς καὶ οἱ λοιποί.</span> <span class=""author"">Eustath.</span> 1012.28."
743,εὐφημητικός,ή όν,,
744,εὐφημισμός,οῦ ὁ,,
745,εὐφωνία,ας ἡ,,
746,εὔφωνος,ον,,
747,εὐχή,ῆς ἡ,,祈願．
748,εὐχρηστέομαι,,,（語が）常用される，一般に使われている．
749,ἐφελκυσμός,οῦ ὁ,,?
750,ἐφελκυστικός,ή όν,,"（特に<span class=""gr"" lang=""el"">ν</span>-movableを）引き寄せる，付け加える．<span class=""gr"" lang=""el"">τὸ ε ἐν τοῖς ῥήμασι γίνεται ἐφελκυστικὸν τοῦ ν, ὡς ἐν τῷ ἔτυπτε ἔτυπτεν, ἔλεγε ἔλεγεν, ἔγραφε ἔγραφεν</span> <span class=""author"">Choerob.</span> <span class=""title"">Theod.</span> 2.38. （特に<span class=""gr"" lang=""el"">ν</span>-movableそのものについて）引き寄せられた，付け加えられた．<span class=""gr"" lang=""el"">ὁ παρατατικὸς, ἤσκεον ἤσκουν ἤσκεε· καὶ τὸ ν έφελκυστικὸν γίνεται ἐν τῷ τρίτῳ προσώπῳ, καὶ γίνεται ἤσκεεν· καὶ κατὰ συναίρεσιν, ἤσκειν.</span> <span class=""author"">Lex.</span> <span class=""title"">EM.</span> 438.50."
751,ἐφερμηνευτικός,ή όν,,説明する，解釈する．
752,ἐφετικός,ή όν,,"（動詞が）願望を表す．<span class=""gr"" lang=""el"">ἐφετικὰ δὲ λέγονται τὰ ἐφέσεως καὶ ἐπιθυμίας δηλωτικά, οἷον μέλλω γράφειν, ἐπιθυμῶ φιλοσοφεῖν, εὔχομαι ὑγιαίνειν, τολμῶ παιδεύειν, ἐπιχειρῶ περιπατεῖν</span> <span class=""author"">Choerob.</span> <span class=""title"">Theod.</span> 2.212."
753,ἐφθαρμένος,η ον,,?
754,ζεῦγμα,ατος τό,,軛語法（ふたつの主語を厳密には一方にしか適合しない述語とつなぎ合わせる語法）．
755,Ζηνοδότειος,α ον,,ゼーノドトスの．
756,ἤγουν,,scilicet id est,すなわち，つまり．
757,ἠθικός,ή όν,,
758,ἡμίβραχυς,εια υ,,
759,ἡμίφωνος,ον,,"<span class=""abbrev"">n. subst.</span> <span class=""gr"" lang=""el"">τὸ ἡμίφωνον</span> 継続音（＝<span class=""gr"" lang=""el"">ζ, ξ, ψ, λ, μ, ν, ρ, σ</span>）．"
760,ἦχος,ου ὁ,,"<span class=""subd"">1</span>（意味に対して）音．<span class=""subd"">2</span> 気息．<span class=""gr"" lang=""el"">ἦχοι ὁ μὲν δασύς, ὁ δὲ ψιλός </span> <span class=""author"">Demetr.</span> <span class=""title"">Eloc.</span> 73."
761,θαυμαστικός,ή όν,,"（副詞・間投詞が）驚きを表す．<span class=""gr"" lang=""el"">τὸ ὅσας θαυμαστικῶς. τῇ ἀρετῇ Ἕλληνας ὑπέταξεν, οὐκ ἀνάγκῃ ὁ Δαρεῖος. </span> <span class=""author"">Sch. Aeschyl.</span> <span class=""title"">Pers.</span> 866."
762,θειασμός,οῦ ὁ,,?
763,θέμα,ατος τό,,
764,θεματίζω,,,
765,θεματικός,ή όν,,
766,θεματισμός,οῦ ὁ,,
767,θεματοποιέω,,,
768,θέσις,εως ἡ,,
769,θετικός,ή όν,,
770,θηλυκός,ή όν,femininus,女性の．
771,θηλύνω,,,女性形にする．
772,θηλυπρεπής,ές,,女性の．
773,θηλύς,εῖα ύ,femininus,女性の．
774,θλῖψις,εως ἡ,,
775,θρηνητικός,ή όν,,
776,θρηνικός,ή όν,,
777,Ἰακός,ά όν,,イオーニアー方言の．
778,Ἰάς,άδος ἡ,,イオーニアー方言．
779,ἰδιάζω,,,
780,ἰδιασμός,οῦ ὁ,,
781,ἰδικός,ή όν,,
782,ἰδιοπάθεια,ας ἡ,,
783,ἰδιοπαθής,ές,,
784,ἴδιος,α ον,,
785,ἰδιότης,ητος ἡ,,
786,ἰδιότυπος,ον,,
787,ἰδίωμα,ατος τό,,
788,ἰδιώτης,ου ὁ,,
789,ἰδιωτίζω,,,
790,ἰδιωτικός,ή όν,,
791,ἱκετικός,ή όν,,
792,ἰσάριθμος,ον,,
793,ἰσοφυναμέω,,,
794,ἰσοδυναμία,ας ἡ,,
795,ἰσοδύναμος,ον,,
796,ἰσόζυγος,ον,,
797,ἰσοκατάληκτος,ον,,
798,ἰσοστοιχία,,,
799,ἰσοσυλλαβέω,,,
800,ἰσοσυλλαβία,ας ἡ,,
801,ἰσοσύλλαβος,ον,,
802,ἰσοχρονέω,,,
803,ἰσόχρονος,ον,,
804,ἱστορία,ας ἡ,,
805,Ἰωνικός,ή όν,,イオーニアー方言の．
806,ἰωτακίζω,,,
807,ἰωτίζω,,,
808,ἰωτακισμός,οῦ ὁ,,
809,ἰωτογραφέω,,,"イオータで書く．<span class=""gr"" lang=""el"">τὸ δουλίαν διὰ τὸν τοῦ μέτρου κανόνα ἰωτογραφεῖται, καὶ ἔστιν Ἰωνικῆς διαλέκτου, ὡς καὶ τὸ προμηθίαν καὶ ἀληθίαν, καὶ τὰ τοιαῦτα.</span> <span class=""author"">Sch. rec. Soph.</span> <span class=""title"">Ai.</span> 499."
810,καθάρειος,ον,,
811,καθάριος,ον,,
812,καθαρεύω,,,
813,καθαριεύω,,,
814,καθαρολογέω,,,
815,καθαρός,ά όν,,
816,καθό,,,
817,καθότι,,,
818,καινοσχημάτιστος,ον,,
819,καινόσχημος,ον,,
820,καινοσχήμων,ον,,
821,καινόφωνος,ον,,
822,καιρικός,ή όν,,
823,καιριολεκτέω,,,
824,κακοσύνθετος,ον,,
825,κακοσύντακτος,,,"<span class=""gr"" lang=""el"">παρασημειοῦνται δὲ οἱ παλαιοὶ, ὡς οὐ δύναται παρ᾽ Ὁμήρῳ τὸ ἀργέστης ἀνέμου κύριον εἶναι, οὐ μόνον διὰ τὸ κακοσύντακτον, ἀλλὰ καὶ διὰ τὸ τέσσαρας ἀνέμους εἰδέναι μόνους τὸν ῞Ομηρον, Νόνον, Εὖρον, Βορέαν καὶ Ζέφυρον.</span> <span class=""author"">Eustath.</span> 845.63."
826,κακοσυνταξία,ας ἡ,,
827,κακοφωνία,ας ἡ,,
828,κακόφωνος,ον,,
829,καλλιφωνέω,,,
830,καλλιφωνία,ας ἡ,,
831,κανονίζω,,,
832,κανονικός,ή όν,,
833,κανόνισμα,ατος τό,,
834,κανών,όνος ὁ,,
835,καρίζω,,,
836,κατά,,,
837,καταβιβάζω,,,（アクセントを次の音節・語の終わりへ）下げる．
838,καταβίβασις,εως ἡ,,"（アクセントを次の音節・語の終わりへ）下げること．<span class=""gr"" lang=""el"">ξανθός δὲ ... ἢ παρὰ τὸ ἄνθος, πλεονασμῷ τοῦ Ξ,καὶ καταβιβάσει τοῦ τόνου.</span> <span class=""author"">Lex.</span> <span class=""title"">EM.</span> 610.24."
839,καταβιβασμός,οῦ ὁ,,（アクセントを次の音節・語の終わりへ）下げること．
840,καταγλωττίζω,,,稀語・方言を用いて話す．
841,κατάγλωττος,ον,,稀語の多い．
842,καταλέγω,,,
843,καταλείπω,,,
844,καταλήγω,,,
845,καταληκτικός,ή όν,,
846,κατάληξις,εως ἡ,,
847,καταλληλία,ας ἡ,,
848,κατάλληλος,ον,,
849,καταλληλότης,ητος ἡ,,
850,καταλογάδην,,,
851,καταπεραιόω,,,
852,καταττικίζω,,,アッティカ方言を使う．
853,κατάφασις,εως ἡ,,
854,καταφατικός,ή όν,,
855,καταφορά,ᾶς ἡ,,
856,κατάχρησις,εως ἡ,,
857,καταχρηστικός,ή όν,,
858,καταχρηστικῶς,,,
859,κατηγορέω,,,
860,κατηγόρημα,ατος τό,,
861,κατηγορικός,όν,,
862,κατηγορούμενον,ου τό,,
863,κατορθόω,,,
864,κατόρθωμα,ατος τό,,"正しい用法．<span class=""abbrev"">opp.</span> <span class=""gr"" lang=""el"">βαρβαρισμός.</span>"
865,κατόρθωσις,εως ἡ,,修正，訂正．
866,κατωμοτικός,ή όν,,
867,κεῖται,,,
868,κελευστικός,ή όν,,
869,κεραία,ας ἡ,,"文字の上に書かれる長さを示すための記号．<span class=""gr"" lang=""el"">δῆλον οὖν ἐστιν, φησίν, ὅτι ἐπὶ τῆς μηκυνομένης λέξεως τίθεται ἡ κεραία, ἥτις ἐστὶ σημεῖον τῆς μακρᾶς, ὡς ἐπὶ τοῦ ἰφθῑμὀτατος καὶ ισχῡρότατος· ἐπὶ δὲ τῆς συστελλομένης, ὡς ἐπὶ τοῦ ὀχῠρώτατος, τὸ σημεῖον τῆς βραχείας τὸ Υ, τῆς κεραίας χωρίς·</span> <span class=""author"">Sch. Dion. Thr. 141.32-36; <span class=""gr"" lang=""el"">Διὰ τί δὲ ἡ κεραία σημεῖόν ἐστι τῆς μακρᾶς, ζητήσειεν ἄν τις.</span> <span class=""author"">Sch. Dion. Thr. 142.3."
870,κεράννυμι,ύω,,
871,κεχηνός,ότος τό,,
872,κινέω,,,
873,κίνησις,εως ἡ,,
874,κιονηδόν,,,
875,κιρνάω,,,
876,κλῆσις,εως ἡ,,
877,κλητικός,ή όν,,"<span class=""subd"">1</span> 呼びかけの，呼格の．<span class=""abbrev"">f. subst.</span> <span class=""gr"" lang=""el"">ἡ κλητικὴ (πτῶσις)</span> 呼格．<span class=""subd"">2</span> <span class=""gr"" lang=""el"">κλητικὸν ἐπίρρημα</span>（<span class=""gr"" lang=""el"">ὦ</span>のような）呼びかけの副詞・間投詞．"
878,κλίμα,ατος τό,,
879,κλίνω,,,
880,κλίσις,εως ἡ,,
881,κλιτικός,ή όν,,
882,κοιμίζω,,,
883,κοίμισις,εως ἡ,,
884,κοιμισμός,οῦ ὁ,,
885,κοινολεκτέω,,,
886,κοινόλεκτος,ον,,
887,κοινολεξία,ας ἡ,,
888,κοινολογία,ας ἡ,,
889,κοινός,ή όν,,
890,κοινότης,ητος ἡ,,
891,κόππα,,,
892,κορωνίς,ίδος ἡ,,"<span class=""subd"">1</span> <span class=""gr"" lang=""el"">κρᾶσις</span>が発生した場合に母音の上に打つ記号．<span class=""gr"" lang=""el"">ἰστέον ὅτι ἡνίκα γίνεται κρᾶσις ἐν ἁρμογῇ δύο λέξεων, τίθεται κορωνίς· οἷον τὸ ἐμόν, τοὐμόν· τὰ ἐμὰ τἀμά· προέστη, προὔστη· πρόοπτον, προὖπτον·</span> <span class=""author"">Lex.</span> <span class=""title"">EM.</span> 763.10-12; <span class=""author"">Sch. Dion. Thr.</span> 147.14."
893,κουφίζω,,elido,"母音を脱落させる．<span class=""gr"" lang=""el"">ἡ δὲ ἀπόστροφος τίθεται, ὅτ᾽ ἂν διὰ τὴν καλλιφωνίαν κουφίζηται τὸ ἓν ὁπηνίκα δύο φωνήεντά εἰσιν ἐν μιᾷ λέξει, οἷον οὐχ᾽ οὕτως«οἱ ἀσεβεῖς οὐχ᾽οὕτως».</span> <span class=""author"">Dion. Thr.</span> 112.5-113.1."
894,κουφισμός,οῦ ὁ,,"母音脱落，elision. <span class=""gr"" lang=""el"">τίνος γὰρ ἕνεκα κουφισμὸν τὴν ἀπόστροφον ἐκάλεσεν; </span> <span class=""author"">Sch. Dion. Thr.</span> 146.24."
895,κρᾶσις,εως ἡ,,
896,κρίσις,εως ἡ,,
897,κριτικός,ή όν,,
898,κτητικός,ή όν,genetivus,"属格の．<span class=""gr"" lang=""el"">ἡ  κτητική (πτῶσις)</span> 属格．"
899,κυριολεκτέω,,,
900,κυριολεξία,ας ἡ,,
901,κύριος,α ον,,
902,κυριωνυμία,ας ἡ,,
903,λαλιά,ᾶς ἡ,,
904,λαβδακισμός,οῦ ὁ,,
905,λαμβδακισμός,οῦ ὁ,,
906,λείπω,,,
907,λεῖψις,εως ἡ,,
908,λεκτικός,ή όν,,
909,λεκτός,ή όν,,
910,λέξις,εως ἡ,,
911,λήγω,,exeo desino,"<span class=""voice"">A</span>（語が）終わる，（<span class=""abbrev"">dat.</span>を）最終音節とする．<span class=""voice"">M</span> = <span class=""voice"">A</span>"
912,ληκτικός,ή όν,,（音節が）最後の，終わりになる．
913,λῆμμα,ατος τό,,
914,λῆξις,εως ἡ,,
915,λόγος,ου ὁ,,
916,λύσις,εως ἡ,,
917,λύω,,,
918,μακροκαταληκτέω,,,
919,μακρολατάληκτος,ον,,
920,μακροπαράληκτος,ον,,
921,μακροπεριόδευτος,ον,,
922,μακρός,ά όν,,
923,μακροσύλλαβος,ον,,
924,μακρότης,ητος ἡ,,
925,μακρύνω,,,
926,μαμμωνυμικός,ή όν,,
927,μάχη,ης ἡ,,
928,μάχομαι,,,
929,μεγαλογραφέω,,,
930,μέγεθος,ους τό,,
931,μεγεθύνω,,,
932,μεθίσταμαι,,,
933,μέλλων,,,
934,μερισμός,οῦ ὁ,,
935,μέρος,ους τό,,
936,μεσάζομαι,,,
937,μεσόπτωτος,ον,,
938,μέσος,η ον,,
939,μεσοσυλλαβία,ας ἡ,,
940,μεσότης,ητος ἡ,neutrum,中間態．
941,μεταβαίνω,,,
942,μετάβασις,εως ἡ,,
943,μεταβατικός,ή όν,,
944,μεταβιβάζω,,,
945,μεταβολή,ῆς ἡ,,
946,μεταβολικός,ή όν,,
947,μεταγραμματίζω,,,
948,μεταγραφή,ῆς ἡ,,
949,μεταγράφω,,,
950,μετάγω,,,
951,μετάθεσις,εως ἡ,,
952,μετακινέω,,,
953,μετακλίνω,,,
954,μετάκλισις,εως ἡ,,
955,μεταλαμβάνω,,,
956,μεταληπτικός,ή όν,,
957,μετάληψις,εως ἡ,,
958,μεταλλαγή,ῆς ἡ,,
959,μεταλλάσσω,,,
960,μετάμειψις,εως ἡ,,
961,μεταμορφόω,,,
962,μεταξύ,,,
963,μεταξύτης,ητος ἡ,,
964,μεταπλασμός,οῦ ὁ,,
965,μεταπλάσσω,,,
966,μεταπλαστικός,ή όν,,
967,μεταποιέω,,,
968,μεταποίησις,εως ἡ,,
969,μετάπτωσις,εως ἡ,,
970,μεταπτωτικός,ή όν,,
971,μετασυντίθημι,,,
972,μετασύρω,,,
973,μετασχηματίζω,,,
974,μετασχηματισμός,οῦ ὁ,,
975,μετάταξις,εως ἡ,,
976,μετατίθημι,,,
977,μετατύπωσις,εως ἡ,,
978,μεταφέρω,,,
979,μεταφορά,ᾶς ἡ,,
980,μεταφορικός,ή όν,,
981,μετάφρασις,εως ἡ,,
982,μεταχαρακτηρίζω,,,
983,μετουσιαστικός,ή όν,,
984,μετοχή,ῆς ἡ,participium,分詞．
985,μετοχικός,ή όν,,"分詞の．<span class=""abbrev"">n. subst.</span> <span class=""gr"" lang=""el"">τὸ μετοχικόν</span> 分詞．"
986,μετωνυμία,ας ἡ,,
987,μηκύνω,,,
988,μηκυσμός,οῦ ὁ,,
989,μητρωνυμικός,ή όν,,
990,μικρογραφέω,,,
991,μοναδικός,ή όν,,
992,μονάζω,,,"（単語が）他に例がない，唯一の例である．<span class=""gr"" lang=""el"">μονάζει ἄρα τὸ Ἄρτεμις κατὰ τὴν πρὸ τέλους συλλαβήν.</span> <span class=""author"">Hdn.</span> 2.913.11."
993,μονή,ῆς ἡ,,
994,μονήρης,ες,,
995,μονογενής,ές,,
996,μονογράμματος,ον,,
997,μονοπροσωπέω,,,
998,μονοπρόσωπος,ον,,
999,μονόπτωτος,ον,,ひとつの格しか持たない，不変化の．
1000,μονοσυλλαβέω,,,ひとつの音節しか持たない．
1001,μονοσυλλαβία,ας ἡ,,ひとつの音節しか持たないこと．
1002,μονοσύλλαβος,ον,,"単音節の，ひとつの音節しか持たない．（文法家について）単音節語（＝代名詞）にこだわる．<span class=""author"">Ath.</span> 5.222a."
1003,μονοσχημάτιστος,ον,,ひとつの形しか持たない，不変化の．
1004,μονότονος,ον,,
1005,μονόφθογγος,ον,,
1006,μονόφωνος,ον,,
1007,μονόχρονος,ον,,
1008,μόριον,ου τό,,
1009,μυγμός,οῦ ὁ,,"<span class=""gr"" lang=""el"">μ</span>の音．"
1010,μυοτακισμός,οῦ ὁ,,?
1011,νοέω,,,意味する．
1012,νοητόν,οῦ τό,,意味．
1013,νόθος,η ον,,"贋の，（テクストが）真正でない．<span class=""author"">Apoll. Dysc.</span> <span class=""title"">Pron.</span> 109.22."
1014,νοῦς,οῦ ὁ,,意味．
1015,νυγμή,ῆς ἡ,punctus,"点，句読点記号．<span class=""gr"" lang=""el"">ὅπου πλήρης ἐστὶν ἡ διάνοια, νυγμὴν παρὰ τὸ ἄνω μέρος τοῦ γράμματος τίθεμεν</span> <span class=""author"">Dosith.</span> 380."
1016,νυγμός,οῦ ὁ,,"<span class=""gr"" lang=""el"">ν</span>(n)の音．<span class=""author"">Sch. Dion. Thr.</span> 201.20."
1017,νώνυμος,ον,,名前のない．
1018,ὀβελισμός,οῦ ὁ,,
1019,ὀβελός,οῦ ὁ,,疑句標．
1020,οἰκειοτονέομαι,,,"本来のアクセントを持つ．<span class=""author"">Sch. Il.</span> 11.395b<sup>3</sup>."
1021,οἰκειωματικός,ή όν,,
1022,οἰκειωτικός,ή όν,,
1023,οἰκτικός,ή όν,,
1024,οἷον,,,
1025,ὀλίγος,,,
1026,ὀλιγοσύλλαβος,ον,,音節数が少ない，短い．
1027,ὀλιγωρέω,,,
1028,ὁλόκληρος,ον,,
1029,ὁμαλισμός,οῦ ὁ,,
1030,ὁμιλία,ας ἡ,,
1031,ὁμόγλωσσος,ον,,
1032,ὁμοείδεια,ας ἡ,,
1033,ὁμοειδής,ές,,
1034,ὁμοιογενής,ές,,
1035,ὁμοιογραφέω,,,
1036,ὁμοιόγραφος,ον,,"似せて書く人，偽造者．<span class=""author"">Vett. Val.</span> 71.27."
1037,ὁμοιοκαταληκτέω,,,
1038,ὁμοιοκατάληκτος,ον,,
1039,ὁμοιοκαταληξία,ας ἡ,,
1040,ὁμοιοπαράγωγος,ον,,
1041,ὁμοιοπρόσωπος,ον,,
1042,ὁμοιοπρόφορος,ον,,
1043,ὁμοιόπτωτος,ον,,
1044,ὁμοιόσημος,ον,,
1045,ὁμοιόσχημος,ον,,
1046,ὁμοιοτέλευτος,ον,,
1047,ὁμοιότης,ητος ἡ,,
1048,ὁμοιότονος,ον,,
1049,ὁμοιόφθογγος,ον,,
1050,ὁμοιοφωνέω,,,
1051,ὁμοιωματικός,ή όν,,
1052,ὁμοίωσις,εως ἡ,,
1053,ὁμοτικός,ή όν,,
1054,ὁμοτονέω,,,
1055,ὁμότονος,ον,,
1056,ὁμοτυπία,ας ἡ,,
1057,ὁμοφωνέω,,,
1058,ὁμοφωνία,ας ἡ,,
1059,ὁμόφωνος,ον,,?
1060,ὁμόχρονος,ον,,
1061,ὁμωνυμέω,,,
1062,ὁμωνυμία,ας ἡ,,
1063,ὁμώνυμος,ον,,
1064,ὄνομα,ατος τό,nomen,名詞・形容詞，単語．
1065,ὀνομάζω,,,名付ける，呼ぶ．
1066,ὀνομασία,ας ἡ,,名前，名詞．
1067,ὀνομαστικός,ή όν,,"<span class=""subd"">1</span> 主格の．<span class=""gr"" lang=""el"">ἡ ὀνομαστική (πτῶσις)</span> 主格．<span class=""subd"">2</span> 名前・単語に関する．<span class=""gr"" lang=""el"">ὀνομαστικόν βιβλίον</span>辞書，語彙集．"
1068,ὀνοματικός,ή όν,,名詞・単語に関する．
1069,ὀνοματοθέτης,ου ὁ,,命名者．
1070,ὀνοματοθετικός,ή όν,,名前をつける．
1071,ὀνοματοποιέω,,,造語する．
1072,ὀνοματοποιία,ας ἡ,,（特に擬音・擬声により）新しく語を作ること，造語．
1073,ὀνοματουργέω,,,造語する．
1074,ὀξύνω,,,（音節に）鋭アクセントをつける．（単語の）最終音節に鋭アクセントをつける．
1075,ὀξύς,εῖα ύ,acutus,"鋭アクセントの．<span class=""abbrev"">f. subst.</span> <span class=""gr"" lang=""el"">ὀξεῖα (προσῳδία)</span> 鋭アクセント．"
1076,ὀξυτονέω,,acuo,（音節に）鋭アクセントをつける．（単語の）最終音節に鋭アクセントをつける．
1077,ὀξύτονος,ον,,（音節が）鋭アクセントの．（単語が）最終音節に鋭アクセントを持つ．
1078,ὀξυφωνέω,,,鋭アクセントで発音する．
1079,ὀρεκτικός,ή όν,,"（動詞が）願望・意欲を表す．<span class=""gr"" lang=""el"">ἐπὶ τῶν ὀρεκτικῶν καὶ ἐφετικῶν τῶν λειπόντων τῷ πράγματι.</span> <span class=""author"">Sophr.</span> 428.22."
1080,ὀρθογραφία,ας ἡ,,正しい書き方，正書法．
1081,ὀρθοέπεια,ας ἡ,,正しい言い方・言葉．
1082,ὀρθοεπέω,,,正しい言葉遣い・発音をする．
1083,ὀρθολογέω,,,正しく話す．
1084,ὀρθόπτωτος,ον,,主格の．
1085,ὀρθός,ή όν,,"主格の．<span class=""gr"" lang=""el"">ἡ ὀρθή (πτῶσις)</span> 主格．"
1086,ὀρθοτονέω,,,
1087,ὀρθοτόνησις,εως ἡ,,
1088,ὀρθότονος,ον,,
1089,ὁρίζω,,,区別する，定める，定義する．
1090,ὁρισμός,οῦ ὁ,,定義．
1091,ὁριστικός,ή όν,indicativus,直説法の．
1092,ὁρκικός,ή όν,,
1093,ὁρκωμοτικός,ή όν,,
1094,ὅρος,ου ὁ,,
1095,ὅτε,,,
1096,οὐδέτερος,α ον,neuter,中性の．
1097,παθητικός,ή όν,passivus,受動態の．
1098,πάθος,ους τό,passivum,受動態．
1099,παλιλλογέω,,,
1100,παλιλλογία,ας ἡ,,
1101,παντοῖον,γένος,,
1102,παππωνυμικός,ή όν,,"祖父に名をちなむ．<span class=""author"">Sch. Eur.</span> <span class=""title"">Rh.</span> 36."
1103,παρά,,,
1104,παράβασις,εως ἡ,,
1105,παραβολή,ῆς ἡ,,
1106,παραβολικός,ή όν,,
1107,παράγγελμα,ατος τό,,
1108,παραγραμματεύω,,,
1109,παραγραμματισμός,οῦ ὁ,,
1110,παραγραφή,ῆς ἡ,,
1111,παραγραφικός,ή όν,,
1112,παράγραφος,ου ἡ,,
1113,παράγω,,,
1114,παραγωγή,ῆς ἡ,,
1115,παραγωγός,οῦ ὁ,,
1116,παραδέχομαι,,,
1117,παραδιαζευκτικός,ή όν,,
1118,παράδοσις,εως ἡ,,
1119,παραδοχή,ῆς ἡ,,
1120,παράθεσις,εως ἡ,,
1121,παραινετικός,ή όν,,
1122,παρακατηγόρημα,ατος τό,,
1123,παράκειμαι,,,
1124,παρακείμενος,η ον,perfectus,完了の．
1125,παρακέλευσις,εως ἡ,,
1126,παρακελευσματικός,ή όν,,
1127,παρακελευστικός,ή όν,,
1128,παρακλίνω,,,
1129,παρακολουθέω,,,
1130,παράλειψις,εως ἡ,,
1131,παραλήγω,,,
1132,παράληξις,εως ἡ,,
1133,παραλλαγή,ῆς ἡ,,
1134,παραλληλία,ας ἡ,,
1135,παραλληλισμός,οῦ ὁ,,
1136,παράλληλος,ον,,
1137,παραλληλότης,ητος ἡ,,
1138,παραλογία,ας ἡ,,
1139,παράλογος,ον,,
1140,παραναλίσκω,,,
1141,παραπλασμός,οῦ ὁ,,
1142,παραπληρόω,,,
1143,παραπλήρωμα,ατος τό,,
1144,παραπληρωματικός,ή όν,,
1145,παρασημείωσις,εως ἡ,,
1146,παράσημον,ου τό,,
1147,παραστατικός,ή όν,,
1148,παρασύμβαμα,ατος τό,,
1149,παρασυνάπτομαι,,,
1150,παρασύνθετος,ον,,
1151,παρασχηματίζω,,,
1152,παρασχηματισμός,οῦ ὁ,,
1153,παράτασις,εως ἡ,,継続，持続（未完了過去について）．
1154,παρατατικός,ή όν,imperfectus,未完了の．
1155,παρατείνω,,,引き延ばす，長くする．
1156,παρατελευταῖος,α ον,,（音節が）後ろから2番目の．
1157,παρατέλευτος,ον,,（音節が）後ろから2番目の．
1158,παρατήρησις,εως ἡ,,
1159,παρατίθημι,,,
1160,παρατροπή,ῆς ἡ,,
1161,παραύξησις,εως ἡ,,
1162,παραύξω,,,
1163,παραφθείρω,,,
1164,παραφθορά,ᾶς ἡ,,
1165,παραφυλακή,ῆς ἡ,,
1166,παραφυλάσσω,,,
1167,παράχρησις,εως ἡ,,
1168,παρεγγράφω,,,
1169,παρεδρεύω,,,
1170,παρεισδύνω,,,
1171,παρεισδύω,,,
1172,παρεκβολή,ῆς ἡ,,
1173,παρέκτασις,εως ἡ,,
1174,παρεληλυθώς,υῖα ός,praeteritus,過去の．
1175,παρελκύω,,,
1176,παρέλκω,,,
1177,παρέλλειψις,εως ἡ,,
1178,παρεμπίπτω,,,
1179,παρέμτπωσις,εως ἡ,,
1180,παρεμφαίνω,,,
1181,παρέμφασις,εως ἡ,,
1182,παρεμφατικός,ή όν,,
1183,παρένθεσις,εως ἡ,,
1184,παρεντίθημι,,,
1185,παρέπομαι,,,
1186,παρετυμολογέω,,,
1187,παρηχέομαι,,,
1188,παρήχημα,ατος τό,,
1189,παρήχησις,εως ἡ,,
1190,παρηχητικός,ή όν,,
1191,παρίστημι,,,
1192,παρονομάζω,,,
1193,παρονομασία,ας ἡ,,
1194,παροξύνω,,,
1195,παροξυτονέω,,,
1196,παροξύτονος,ον,,
1197,παρορμητικός,ή όν,,
1198,παρωνυμιάζω,,,
1199,παρώνυμιος,ον,,
1200,παρώνυμος,ον,,
1201,παρῳχημένος,,,"過去の．<span class=""gr"" lang=""el"">παρῳχημένος χρόνος</span>"
1202,πάσχω,,,（動詞が）受動態である．
1203,πατρικός,ή όν,genetivus,"属格の．<span class=""gr"" lang=""el"">ἡ πατρική (πτῶσις)</span> 属格．"
1204,πατρωνυμέομαι,,,
1205,πατρωνυμικός,ή όν,,
1206,πεζός,ή όν,,"散文の．<span class=""abbrev"">f. subst.</span> 散文．"
1207,πεντάπτωτος,ον,,（名詞が）5つの格を持つ．
1208,πεντασύλλαβος,ον,,（単語が）5つの音節からなる．
1209,πεποιημένον,,,新造語．
1210,περατόομαι,,,
1211,περιαίρεσις,εως ἡ,,
1212,περιγραφή,ῆς ἡ,,
1213,περιγραφικός,ή όν,,（接続詞が）結論を表す．奪格の（？）
1214,περιγράφω,,,
1215,περιεκτικός,ή όν,,
1216,περικλάζω,,,
1217,περίκλασις,εως ἡ,,
1218,περικλάω,,,
1219,περικοπή,ῆς ἡ,,
1220,περικράτησις,εως ἡ,,
1221,περιληπτικός,όν,,
1222,περίοδος,ου ἡ,,
1223,περιποητικὰ,ῥήματα,,
1224,περισπασμός,οῦ ὁ,,
1225,περισπάω,,circumflecto,（音節について）曲アクセントをつける．（単語の）最終音節に曲アクセントをつける．
1226,περισπώμενος,η ον,circumflexus,（音節が）曲アクセントを持つ．（単語が）最終音節に曲アクセントを持つ．
1227,περισσεύω,,,
1228,περισσός,ή όν,,余計な，過剰な，冗語的な．
1229,περισσοσυλλαβέω,,,"（<span class=""abbrev"">gen., dat.</span>より）一音節長い．<span class=""author"">Lex.</span> <span class=""title"">EM.</span> 35.41, 131.57."
1230,περισσοσύλλαβος,ον,,"一音節長い．<span class=""author"">Apoll. Dysc.</span> <span class=""title"">Adv.</span> 166.26."
1231,περιστίζω,,,句読点を打つ．
1232,πεῦσις,εως ἡ,,質問，疑問．
1233,πευστικός,ή όν,,
1234,πλαγιάζω,,,
1235,πλαγιασμός,οῦ ὁ,,
1236,πλάγιος,α ον,obliquus,斜格の．
1237,πλάσμα,ατος τό,,
1238,πλεονάζω,,,
1239,πλεονασμός,οῦ ὁ,,
1240,πλεονασυλλαβέω,,,
1241,πληθυντικός,ή όν,pluraris,複数の．
1242,πληθύνω,,,
1243,πληθυσμός,οῦ ὁ,,
1244,πνεῦμα,ατος τό,,
1245,πνευματίζω,,,
1246,πνευματικός,ή όν,,
1247,πνευματώδης,ες,,
1248,ποιέω,,,
1249,ποιότης,ητος ἡ,,
1250,πολιτευομένη,λέξις,,
1251,πολύλεξις,ι,,
1252,πολυσήμαντος,ον,,多くの意味を持つ．
1253,πολύσημος,ον,,多くの意味を持つ．
1254,πολυσύλλαβος,ον,,音節の多い，多音節の．
1255,πολυσύμφωνος,ον,,"子音を多く含む．<span class=""author"">Phot.</span> <span class=""title"">Bibl.</span> p.97.40."
1256,πολυσύνδεσμος,ον,,"接続詞を多用する．<span class=""gr"" lang=""el"">πολυσύνδεσμός ἐστιν ὁ Θουκυδίδης, μᾶλλον δὲ πάντες οἱ Ἀττικοί</span> <span class=""author"">Sch. Thuc.</span> 2.41."
1257,πολυσύνθετος,ον,,"（語が）多くの要素からなる．<span class=""author"">Sch. Aristoph.</span> <span class=""title"">Ran.</span> 844. <span class=""abbrev"">n. subst.</span>（句を繋ぐにあたっての）接続語の多用．<span class=""author"">Rut.</span> 1.14."
1258,πολυωνυμία,ας ἡ,,
1259,πολυώνυμος,ον,,
1260,ποσότης,ητος ἡ,,
1261,πρᾶγμα,ατος τό,,
1262,πραγματεία,ας ἡ,,
1263,προάγω,,,
1264,προαιρετικός,ή όν,,
1265,προαναφώνησις,εως ἡ,,
1266,προεκδίδωμι,,,
1267,προέκκειμαι,,,
1268,πρόθεσις,εως ἡ,praepositio,前置詞．接頭辞．
1269,προθετικός,ή όν,,前置詞の．接頭辞の．
1270,προκαταλέγομαι,,,
1271,προλημματίζω,,,
1272,προληπτικός,ή όν,,
1273,πρόληψις,εως ἡ,,
1274,προπαραλήγω,,,
1275,προπαραξυντικός,ή όν,,
1276,προπαροξύνω,,,
1277,προπαροξύτονος,ον,,
1278,προπερισπάω,,,
1279,προπερισπώμενος,η ον,,
1280,πρός,τι,,
1281,προσαγόρευσις,εως ἡ,,呼びかけ，語りかけ．
1282,προσαγορευτικός,ή όν,vocativus,"呼格の．<span class=""gr"" lang=""el"">ἡ προσαγορευτική (πτῶσις)</span> 呼格．"
1283,προσαγορεύω,,,呼びかける，呼ぶ．
1284,προσανταποδίδωμι,,,
1285,προσαφαιρέω,,,
1286,προσγραφή,ῆς ἡ,,
1287,προσφράφω,,,
1288,προσδιατίθυμι,,,
1289,προσδιορισμός,οῦ ὁ,,
1290,προσέλευσις,εως ἡ,,
1291,προσηγορία,ας ἡ,,
1292,προσηγορικός,ή όν,,
1293,πρόσθεσις,εως ἡ,,
1294,προσθήκη,ης ἡ,,
1295,πρόσκειμαι,,,
1296,προσλαμβάνω,,,
1297,πρόσληψις,εως ἡ,,
1298,πρόσοδος,ου ἡ,,
1299,προσπάθεια,ας ἡ,,
1300,πρόσπνευσις,εως ἡ,,
1301,προσπνέω,,,
1302,προσσημαίνω,,,
1303,προστακτικός,ή όν,imperativus,命令法の．
1304,πρόσταξις,εως ἡ,,
1305,προσυπακούω,,,
1306,πρόσφθεγγμα,ατος τό,,
1307,προσφωνέω,,,"呼びかける，（<span class=""abbrev"">dat.</span>に）書物を捧げる．"
1308,προσφώνησις,εως ἡ,,呼びかけ，書物の献呈．
1309,προσφωνητικός,ή όν,,
1310,προσχηματισμός,οῦ ὁ,,
1311,προσῳδία,ας ἡ,,
1312,προσωπικός,ή όν,,
1313,πρόσωπον,ου τό,persona,人称．
1314,προσωποποιία,ας ἡ,,
1315,προτακτικός,ή όν,,
1316,πρόταξις,εως ἡ,,
1317,πρότασις,εως ἡ,,
1318,προτάσσω,,,
1319,προϋπάρχω,,,
1320,προϋπόκειμαι,,,
1321,προϋφίσταμαι,,,
1322,προφέρω,,,
1323,προφορά,ᾶς ἡ,,
1324,προφορικός,οῦ ὁ,,
1325,πρωτόθετος,ον,,
1326,πρῶτος,η ον,primus,一人称の．
1327,πρωτοτυπέω,,,
1328,πρωτότυπος,ον,,
1329,πτῶσις,εως ἡ,casus,格．
1330,πτωτικός,ή όν,,
1331,πύσμα,ατος τό,interrogatio,疑問（特に肯定・否定の返答を期待する），疑問詞．
1332,πυσματικός,ή όν,interrogativus,"疑問（詞）の．<span class=""abbrev"">n. subst.</span> <span class=""gr"" lang=""el"">τὰ πυσματικά</span> 疑問詞．"
1333,ῥῆμα,ατος τό,verbum,動詞，述語．
1334,ῥηματικός,ή όν,verbalis,"動詞の，動詞由来の．<span class=""abbrev"">n. subst.</span> <span class=""gr"" lang=""el"">τὸ ῥηματικόν</span> 動詞．"
1335,ῥητός,ή όν,,"（単語などが）一般に使われている．<span class=""abbrev"">n. subst.</span> <span class=""gr"" lang=""el"">τὸ ῥητόν</span> 言葉，文字通りの意味．"
1336,ῥοῖζος,ου ὁ,,"<span class=""gr"" lang=""el"">ῥ</span>の音．"
1337,ῥώννυμι,,,?
1338,ῥωτακίζω,,,?
1339,σαμπῖ,,,"<span class=""gr"" lang=""el"">ϡ.</span> 古いアルファベットのひとつで数字を表すのに使われる．"
1340,σημαίνω,,,意味する．
1341,σημαντικός,ή όν,,"意味のある，（<span class=""abbrev"">gen.</span>を）意味する．"
1342,σημασία,ας ἡ,,意味．
1343,σημεῖον,ου τό,nota,記号，印．
1344,σημειόω,,,
1345,σιγματίζω,,,
1346,σιγμός,οῦ ὁ,,
1347,σκεύη,ων τά,,中性名詞．
1348,σολοικίζω,,,"間違った言葉遣いをする，破格（<span class=""gr"" lang=""el"">σολοικισμός</span>）を犯す．"
1349,σολοικισμός,οῦ ὁ,,"破格（<span class=""gr"" lang=""el"">βαρβαρισμός</span>に対して特に構文上のそれを謂う）．"
1350,σόλοικος,ον,,間違ったギリシア語を使う．
1351,στέρησις,εως ἡ,,
1352,στερητικός,ή όν,,
1353,στιγματίας,ου ὁ,,"句読点を研究した文法家ニーカーノールにつけられたあだ名．<span class=""gr"" lang=""el"">Νικάνωρ ὁ Στιγματίας ἐπικληθείς, διότι ἐπολυλόγησε περὶ στιγμῶν</span> <span class=""author"">Eustath.</span> 20.12."
1354,στιγμή,ῆς ἡ,distinctio,句読点，句切り．
1355,στίζω,,,句読点を打つ．
1356,στοιχεῖον,ου τό,,
1357,στοιχείωσις ,εως ἡ,,
1358,στοιχειωτής,οῦ ὁ,,
1359,συγγενικός,ή όν,,
1360,συγγράφω,,,
1361,συγκατάθεσις,εως ἡ,,"肯定．<span class=""gr"" lang=""el"">τὰ δὲ  συγκαταθέσεως, οἷον ναί ναίχι.</span> <span class=""author"">Dion. Thr.</span> 78.3."
1362,συγκαταθετικός,ή όν,,肯定の．
1363,σύγκειμαι,,,
1364,συγκλίνω,,,
1365,συγκοπή,ῆς ἡ,,
1366,συγκόπτω,,,
1367,συγκρίνω,,,"<span class=""voice"">P</span> 比較級に変化させられる．<span class=""gr"" lang=""el"">ἕνεκα γελοίου ἡ κωμῳδία σχήματά τινα ἔπλασεν, ὥστε οὐ κριτήριον τῆς λέξεως τὸ αὐτότερος, ἐπεὶ καὶ Δαναώτατος ὑπερτίθεται παρὰ Ἀριστοφάνει, τῶν κύριων οὐ συγκρινομένων.</span> <span class=""author"">Apoll. Dysc.</span> <span class=""title"">Pron.</span> 64.10-12."
1368,σύγκρισις ,εως ἡ,comparatio,比較．
1369,συγκριτικός,ή όν,comparativus,比較級の
1370,σύγκρουσις,εως ἡ,,
1371,συγχρονέω,,,"<span class=""voice"">A</span> 時を同じくする，（<span class=""abbrev"">dat.</span>と）同時代人である．<span class=""voice"">M</span> 同じ時制である．<span class=""author"">Apoll. Dysc.</span> <span class=""title"">Synt.</span> 205.1."
1372,συγχρονίζω,,,"時を同じくする，（<span class=""abbrev"">dat.</span>と）同時代人である．"
1373,σύγχυσις,εως ἡ,,
1374,συζυγέω,,,
1375,συζυγία,ας ἡ,,
1376,συλλαβή,ῆς ἡ,,
1377,συλλαβίζω,,,
1378,συλλαβικός,ή όν,,
1379,σύλλεξις,εως ἡ,,
1380,συλληπτικός,ή όν,,
1381,σύλληψις,εως ἡ,,
1382,συλλογιστικός,ή όν,,
1383,συμβαρύνομαι,,,
1384,συμβολικός,ή όν,,
1385,συμβουλευτικός,ή όν,,
1386,συμμετασχηματίζομαι,,,
1387,συμμονή,ῆς ἡ,,
1388,συμπάθεια,ας ἡ,,
1389,συμπαραπληρωματικός,ή όν,,"冗語的な．<span class=""gr"" lagn=""el"">Θαυμαστικὸν τὸ ὅσα, ἀντὶ τοῦ πολλά. ὁ δὲ δή συμπαραπληρωματικὸς αὔξησιν δηλοῖ.</span> <span class=""author"">Sch. Aristoph.</span> <span class=""title"">Ach.</span> 1b."
1390,συμπερισπάω,,,
1391,συμπίπτω,,,
1392,συμπλεκτικός,ή όν,,
1393,συμπλέκω,,,
1394,συμπληθύνω,,,
1395,συμπλοκή,ῆς ἡ,,
1396,συμφέρομαι,,,
1397,συμφράζομαι,,,
1398,σύμφρασις,εως ἡ,,
1399,συμφώνησις,εως ἡ,,
1400,σύμφωνος,,,
1401,συναίρεσις,εως ἡ,,
1402,συναιρέω,,,
1403,συναλειφή,ῆς ἡ,,
1404,συναλείφω,,,
1405,συναλλαγή,ῆς ἡ,,
1406,συναλιφή,ῆς ἡ,,
1407,συναλοιφή,ῆς ἡ,,
1408,συναοριστέομαι,,,
1409,συναπτικός,ή όν,,
1410,συνάπτω,,,"繋げる，（文中のある要素を他の要素と）結びつける．<span class=""gr"" lang=""el"">εἰ δὲ καὶ πρὸς τὸ κρατοῦντα βούλει συνάψαι, ἐκδέξῃ τὸν λόγον κατ᾽ εἰρωνείαν εἰρῆσθαι</span> <span class=""author"">TSch. Aeschyl.</span> <span class=""title"">Prom.</span> 937."
1411,σύναρθρος,ον,,
1412,συναρτάομαι,,,
1413,συνάρτησις,εως ἡ,,
1414,συνάρχομαι,,,
1415,συνάφεια,ας ἡ,,
1416,συναφής,ές,,
1417,σύνδεσις,εως ἡ,,
1418,συνδεσμικός,ή όν,,
1419,συνδεσμοειδής,ές,,
1420,σύνδεσμος,ου ὁ,coniunctio,接続詞．
1421,συνδετικός,ή όν,,
1422,συνδέω,,,
1423,συνδηλόω,,,
1424,συνεγκλιτικός,ή όν,,
1425,συνεκδρομή,ῆς ἡ,,
1426,συνεκτρέχω,,,
1427,συνεκφαντικός,ή όν,,
1428,συνεκφωνέω,,,
1429,συνεκφώνησις,εως ἡ,,
1430,συνέλευσις,εως ἡ,,
1431,συνεμπίπτω,,,
1432,συνέμπτωσις,εως ἡ,,
1433,συνοέω,,,
1434,συνεξακολουθέω,,,
1435,συνεξομοιόω,,,
1436,συνέπεια,ας ἡ,,
1437,συνέχεια,ας ἡ,,
1438,συνεχής,ές,,
1439,συνήθεια,ας ἡ,,
1440,σύνθεσις,εως ἡ,,
1441,σύνθετος,ον η ον,,
1442,συνίζησις,εως ἡ,,
1443,συνίσταμαι,,,
1444,σύνοδος,ου ἡ,,
1445,σύνταγμα,ατος τό,,
1446,σύνταξις,εως ἡ,,
1447,συντέλεια,ας ἡ,,
1448,συντελεστικός,,,
1449,συντελικός,ή όν,,
1450,συντονόω,,,
1451,συνυπακούω,,,
1452,συνωνυμία,ας ἡ,,
1453,συνώνυμος,ον,,
1454,συριγμός,οῦ ὁ,,
1455,συρισμός,,,
1456,συσσημαίνω,,,
1457,συστατικός,ή όν,,
1458,συστέλλω,,,
1459,συστολή,ῆς ἡ,,
1460,συσχηματίζω,,,
1461,συσχηματισμός,οῦ ὁ,,
1462,σφάλλομαι,,,
1463,σχέσις,εως ἡ,,
1464,σχετλιαστικός,ή όν,,
1465,σχῆμα,ατος τό,,
1466,σχηματίζω,,,
1467,σχηματισμός,οῦ ὁ,,
1468,τακτικός,ή όν,,
1469,τάξις,εως ἡ,,
1470,τάσις,εως ἡ,,
1471,ταὐτίζω,,,"同義語として使う．<span class=""gr"" lang=""el"">ἰστέον δὲ ὅτι τινές οὐχ᾽, ὡς εἴρηται, ταὐτίζουσι θυμὸν καὶ ὀργήν</span> <span class=""author"">Eustath.</span> 8.33."
1472,ταὐτογραφέω,,,"同じ仕方で書く．<span class=""author"">Eustath.</span> 45.46."
1473,ταὐτοδυναμέω,,,"同義である，同じ意味を持つ．<span class=""author"">Eustath.</span> 1653.60."
1474,ταὐτόνοια,ας ἡ,,"意味が同じであること，同義．<span class=""gr"" lang=""el"">ἔστι δὲ ταυτόνοια καὶ ἐν τῷ, ἐνθάδε αὖθι. ὁ αὐτὸς γὰρ νοῦς ἐν ἀμφοῖν.</span> <span class=""author"">Eustath.</span> 1530.21."
1475,ταὐτοπάθεια,ας ἡ,,"再帰的な意味（を持つこと）．<span class=""gr"" lang=""el"">ἀλλήλοις· ταυτοπάθειαν σημαίνει, ἢ ἑτεροπάθειαν. ἑτεροπάθειαν, οἷον, Αἴας ὁ Τελαμώνιος καὶ Μενοικεὺς ὁ Κρέοντος ἑαυτοὺς ἀπέκτειναν· τουτέστιν ἑκάτερος ἑαυτόν· τὸ δὲ ἀλλήλους, ἐπὶ τῶν συμπεπλεγμένων· οἷον, Ἐτεοκλῆς καὶ Πολυνείκης ἀλλήλους ἀπέκτειναν· τουτέστιν, ἕτερος ἕτερον.</span> <span class=""author"">Lex.</span> <span class=""title"">EM.</span> 67.44."
1476,ταὐτοσήμαντος,ον,,"同義の，同じ意味を持つ．<span class=""author"">Sch. Eur.</span> <span class=""title"">Hec.</span> 16; <span class=""author"">Eustath.</span> 101.37."
1477,ταὐτόσημος,ον,,"同義の，同じ意味を持つ．<span class=""gr"" lang=""el"">ἰστέον δὲ καὶ ὅτι οὐκ ἔστι παρὰ τῷ ποιητῇ συντεθειμένη ἀντωνυμία, ἀλλ᾽ ὁπηνίκα συνθέτως ἀντονομάσαι βούλεται, δύο ταὐτοσήμους ἐκ παραλλήλου ἀντωνυμίας τίθησιν.</span> <span class=""author"">Eustath.</span> 103.23."
1478,ταὐτόφωνος,ον,,"同音の．<span class=""author"">Eustath.</span> 125.5."
1479,τέλειος,α ον,,
1480,τελικός,ή όν,,
1481,τετραγράμματος,ον,,
1482,τετραμερής,ές,,
1483,τετράπτωτος,ον,,
1484,τετράχρονος,ον,,
1485,τέχνη,ης ἡ,,
1486,τεχνικός,ή όν,,
1487,τεχνογραφέω,,,
1488,τεχνολογέω,,,
1489,τεχνολογία,ας ἡ,,
1490,τεχνολόγος,ου ὁ,,
1491,τηρέω,,,
1492,τήρησις,εως ἡ,,
1493,τμῆσις,εως ἡ,,
1494,τονίζω,,,アクセントをつける．
1495,τονικός,ή όν,,
1496,τόνος,ου ὁ,,
1497,τονόω,,,アクセントをつける．
1498,τόνωσις,εως ἡ,,
1499,τοπικός,ή όν,,"<span class=""subd"">1</span> 場所の．<span class=""subd"">2</span> 方言の．<span class=""abbrev"">adv.</span> <span class=""author"">Sch. Thuc.</span> 2.21.1."
1500,τουτέστιν,,id est,すなわち，つまり．
1501,τραχύνω,,,
1502,τραχυφωνία,ας ἡ,,
1503,τρίβραχυς,υ,,
1504,τριγένεια,ας ἡ,,
1505,τριγενής,ές,,
1506,τριγράμματος,ον,,
1507,τρίπτωτος,ον,,
1508,τρισύλλαβος,ον,,
1509,τρισύνθετος,ον,,
1510,τρίτος,η ον,tertius,三人称の．
1511,τρίφθογγος,ου ἡ,,
1512,τρίχρονος,ον,,
1513,τριώνυμος,ον,,
1514,τροπή,ῆς ἡ,,
1515,τρόπος,ου ὁ,,
1516,τύπος,ου ὁ,,
1517,ὑγιής,ές,,正しい．
1518,ὑγρός,ά όν,,
1519,ὑπακούω,,subaudio,理解する，（文脈から）補う．
1520,ὑπαρκτικός,ή όν,,
1521,ὕπαρξις,εως ἡ,,
1522,ὕπειμι,,,
1523,ὑπέρβασις,εως ἡ,,
1524,ὑπερβατικός,ή όν,,
1525,ὑπερβατόν,οῦ τό,,
1526,ὑπερβατός,ή όν,,
1527,ὑπερβιβάζω,,,
1528,ὑπερβιβασμός,οῦ ὁ,,"入れ替え．<span class=""gr"" lang=""el"">κύων λέγεται ἐπὶ μὲν τοῦ ἀλόγου ζῴου, παρὰ τὸ κυνεῖν καὶ σαίνειν· ἢ παρὰ τὸ ὠκὺς, (τὸ γὰρ ζῷον ταχύ ἐστιν,) ὑπερβιβασμῷ, καὶ ἀναδόσει τοῦ τόνου.</span> <span class=""author"">Lex.</span> <span class=""title"">EM.</span> 549.30."
1529,ὑπερδισύλλαβος,ον,,
1530,ὑπέρθεσις,ἡ εως,,"<span class=""subd"">1</span> 最上級．<span class=""subd"">2</span>（語・文字・アクセントなどの）転置，入れ替わり．"
1531,ὑπερθετικός,ή όν,superlativus,最上級の．
1532,ὑπερσυντέλικος,η ον,plusquamperfectus,過去完了の．
1533,ὑπερτίθημι,,,"<span class=""voice"">P</span> <span class=""subd"">1</span> 最上級の形にされる．<span class=""subd"">2</span>（字母などが）入れ替えられる． <span class=""author"">Apoll. Dysc.</span> <span class=""title"">Synt.</span> 8.20."
1534,ὑπερτρισύλλαβος,ον,,
1535,ὑπόδειγμα,ατος τό,,
1536,ὑποδιαζευκτικός,ή όν,,
1537,ὑποδιαστολή,ῆς ἡ,,
1538,ὑποζευκτικός,ή όν,,
1539,ὑπόζευξις,εως ἡ,,
1540,ὑποθετικός,ή όν,,
1541,ὑπόκειμαι,,,
1542,ὑποκείμενον,ου τό,,
1543,ὑποκορίζομαι,,,
1544,ὑποκόρισις,εως ἡ,,
1545,ὑποκόρισμα,ατος τό,,
1546,ὑποκοριστικός,ή όν,,
1547,ὑπόκρισις,εως ἡ,,
1548,ὑποστέλλω,,,
1549,ὑποστιγμή,ῆς ἡ,,
1550,ὑποστίζω,,,
1551,ὑποστολή,ῆς ἡ,,
1552,ὑποστρέφω,,,
1553,ὑποστροφή,ῆς ἡ,,
1554,ὑποσυναλείφομαι,,,
1555,ὑποσύνθετος,ον,,
1556,ὑποσχεσις,εως ἡ,,
1557,ὑποταγή,ῆς ἡ,,
1558,ὑποτακτικός,ή όν,subiunctivus,接続法の．
1559,ὑπόταξις,εως ἡ,,
1560,ὑποτάσσω,,,
1561,ὑποτελεία,ας ἡ,,
1562,ὕπτιος,α ον,,
1563,ὑστερογενής,ές,,
1564,ὑφαίρεσις,εως ἡ,,
1565,ὑφέν ,,,
1566,ὕφεσις,εως ἡ,,
1567,φέρομαι,,,
1568,φερώνυμος,ον,,
1569,φράσις,εως ἡ,,
1570,φυλάσσω,,,
1571,φύσει,,,
1572,φωνή,ῆς ἡ,,
1573,φωνῆεν,εντος τό,,
1574,χαρακτήρ,ῆρος ὁ,,
1575,χασμωδέω,,,
1576,χασμωδία,,hiatus,ヒアトゥス（母音連続）．
1577,χείρ,,,
1578,χρῆσις,εως ἡ,,
1579,χρονικός,ή όν,,
1580,χρόνος,ου ὁ,tempus,時制．
1581,χωσρισμός,οῦ ὁ,,
1582,ψελλισμός,οῦ ὁ,,
1583,ψιλογραφέω,,,
1584,ψιλοποιέω,,,気息なしで書く．
1585,ψιλός,ή όν,,"気息のない，無気の（<span class=""abbrev"">opp.</span> <span class=""gr"" lang=""el"">δασύς</span>）．"
1586,ψιλότης,ητος τό,,（発音の）無気息．
1587,ψιλόω,,,気息なしで書く・発音する．
1588,ψιλωτής,οῦ ὁ,,気息なしで書く・発音する人．
1589,ψιλωτικός,ή όν,,
1590,ὡρισμός,οῦ ὁ,,
1591,ὡς,,,